-- phpMyAdmin SQL Dump
-- version 5.2.1
-- https://www.phpmyadmin.net/
--
-- Servidor: localhost:3306
-- Tiempo de generación: 14-12-2024 a las 00:45:50
-- Versión del servidor: 10.6.16-MariaDB-cll-lve
-- Versión de PHP: 8.1.25

SET SQL_MODE = "NO_AUTO_VALUE_ON_ZERO";
START TRANSACTION;
SET time_zone = "+00:00";


/*!40101 SET @OLD_CHARACTER_SET_CLIENT=@@CHARACTER_SET_CLIENT */;
/*!40101 SET @OLD_CHARACTER_SET_RESULTS=@@CHARACTER_SET_RESULTS */;
/*!40101 SET @OLD_COLLATION_CONNECTION=@@COLLATION_CONNECTION */;
/*!40101 SET NAMES utf8mb4 */;

--
-- Base de datos: `cbi106208_NuevoHorizonte`
--

-- --------------------------------------------------------

--
-- Estructura de tabla para la tabla `admins`
--

CREATE TABLE `admins` (
  `id` bigint(20) UNSIGNED NOT NULL,
  `nombre` varchar(255) NOT NULL,
  `apellido` varchar(255) DEFAULT NULL,
  `correo` varchar(255) NOT NULL,
  `contraseña` text NOT NULL,
  `rol` enum('superadmin','moderador') NOT NULL DEFAULT 'moderador',
  `created_at` timestamp NULL DEFAULT NULL,
  `updated_at` timestamp NULL DEFAULT NULL
) ENGINE=InnoDB DEFAULT CHARSET=utf8mb4 COLLATE=utf8mb4_unicode_ci;

--
-- Volcado de datos para la tabla `admins`
--

INSERT INTO `admins` (`id`, `nombre`, `apellido`, `correo`, `contraseña`, `rol`, `created_at`, `updated_at`) VALUES
(1, 'Seas', 'Sjkr', 'seasjkr@gmail.com', '$2y$12$ctlRI8t7YQFanIfTVtTN/.LldlvJ2wZS1X5ZNTHlp/FGKbi9QBDY2', 'superadmin', '2024-10-20 02:51:19', '2024-10-20 02:51:19');

-- --------------------------------------------------------

--
-- Estructura de tabla para la tabla `autores`
--

CREATE TABLE `autores` (
  `id` bigint(20) UNSIGNED NOT NULL,
  `nombre` varchar(255) NOT NULL,
  `nacionalidad` varchar(255) DEFAULT NULL,
  `created_at` timestamp NULL DEFAULT NULL,
  `updated_at` timestamp NULL DEFAULT NULL
) ENGINE=InnoDB DEFAULT CHARSET=utf8mb4 COLLATE=utf8mb4_unicode_ci;

--
-- Volcado de datos para la tabla `autores`
--

INSERT INTO `autores` (`id`, `nombre`, `nacionalidad`, `created_at`, `updated_at`) VALUES
(1, 'a. j. quinnell', 'Británica', '2024-11-20 03:11:32', '2024-11-20 03:11:32'),
(2, 'a.e.w. mason', 'Británica', '2024-11-20 03:11:32', '2024-11-20 03:11:32'),
(3, 'a.grin', 'Rusa', '2024-11-20 03:11:32', '2024-11-20 03:11:32'),
(4, 'a.j. cronin', 'Británica', '2024-11-20 03:11:32', '2024-11-20 03:11:32'),
(5, 'agatha christie', 'Británica', '2024-11-20 03:11:32', '2024-11-20 03:11:32'),
(6, 'albert camus', 'Francesa', '2024-11-20 03:11:32', '2024-11-20 03:11:32'),
(7, 'alberto blest gana', 'Chileno', '2024-11-20 03:11:32', '2024-11-20 03:11:32'),
(8, 'aldous huxley', 'Británica', '2024-11-20 03:11:32', '2024-11-20 03:11:32'),
(9, 'alejandra matus', 'Chilena', '2024-11-20 03:11:32', '2024-11-20 03:11:32'),
(10, 'alejandro dumas', 'Francesa', '2024-11-20 03:11:32', '2024-11-20 03:11:32'),
(11, 'alejandro magnet', 'Chilena', '2024-11-20 03:11:32', '2024-11-20 03:11:32'),
(12, 'alejandro pushkin', 'Rusa', '2024-11-20 03:11:32', '2024-11-20 03:11:32'),
(13, 'alejo carentier', 'Cubana', '2024-11-20 03:11:32', '2024-11-20 03:11:32'),
(14, 'alex haley', 'Estadounidense', '2024-11-20 03:11:32', '2024-11-20 03:11:32'),
(15, 'alexander solzhenitsyn', 'Rusa', '2024-11-20 03:11:32', '2024-11-20 03:11:32'),
(16, 'alfonso calderon', 'Chilena', '2024-11-20 03:11:32', '2024-11-20 03:11:32'),
(17, 'alfonso marquez de la plata yrarrazabal', 'Chilena', '2024-11-20 03:11:32', '2024-11-20 03:11:32'),
(18, 'alfredo bryce echenique', 'Peruana', '2024-11-20 03:11:32', '2024-11-20 03:11:32'),
(19, 'alfredo pareja diezcanseco', 'Ecuatoriana', '2024-11-20 03:11:32', '2024-11-20 03:11:32'),
(20, 'alicia morel', 'Chilena', '2024-11-20 03:11:32', '2024-11-20 03:11:32'),
(21, 'alistar maclean', 'Británica', '2024-11-20 03:11:32', '2024-11-20 03:11:32'),
(22, 'allan ahlberg', 'Británica', '2024-11-20 03:11:32', '2024-11-20 03:11:32'),
(23, 'almirante byrd', 'Estadounidense', '2024-11-20 03:11:32', '2024-11-20 03:11:32'),
(24, 'alonso de ercilla', 'Española', '2024-11-20 03:11:32', '2024-11-20 03:11:32'),
(25, 'ana frank', 'Alemana', '2024-11-20 03:11:32', '2024-11-20 03:11:32'),
(26, 'ana maria del rio', 'Chilena', '2024-11-20 03:11:32', '2024-11-20 03:11:32'),
(27, 'ana maria guiraldes', 'Chilena', '2024-11-20 03:11:32', '2024-11-20 03:11:32'),
(28, 'ana maria machado', 'Brasileña', '2024-11-20 03:11:32', '2024-11-20 03:11:32'),
(29, 'andres garcia - huidobro', 'Chilena', '2024-11-20 03:11:32', '2024-11-20 03:11:32'),
(30, 'andré jouffé', 'Chilena', '2024-11-20 03:11:32', '2024-11-20 03:11:32'),
(31, 'angela sommer-bodenburg', 'Alemana', '2024-11-20 03:11:32', '2024-11-20 03:11:32'),
(32, 'anne pierjean', 'Francesa', '2024-11-20 03:11:32', '2024-11-20 03:11:32'),
(33, 'antoine de saint-exupéry', 'Francesa', '2024-11-20 03:11:32', '2024-11-20 03:11:32'),
(34, 'anton chejov', 'Rusa', '2024-11-20 03:11:32', '2024-11-20 03:11:32'),
(35, 'antonio machado', 'Española', '2024-11-20 03:11:32', '2024-11-20 03:11:32'),
(36, 'antonio skármeta', 'Chilena', '2024-11-20 03:11:32', '2024-11-20 03:11:32'),
(37, 'antón chéjov', 'Rusa', '2024-11-20 03:11:32', '2024-11-20 03:11:32'),
(38, 'apolonio de rodas', 'Griega', '2024-11-20 03:11:32', '2024-11-20 03:11:32'),
(39, 'armand lanoux', 'Francesa', '2024-11-20 03:11:32', '2024-11-20 03:11:32'),
(40, 'arthur conan doyle', 'Británica', '2024-11-20 03:11:32', '2024-11-20 03:11:32'),
(41, 'augusto roa bastos', 'Paraguaya', '2024-11-20 03:11:32', '2024-11-20 03:11:32'),
(42, 'ayn rand', 'Estadounidense', '2024-11-20 03:11:32', '2024-11-20 03:11:32'),
(43, 'baldomero lillo', 'Chilena', '2024-11-20 03:11:32', '2024-11-20 03:11:32'),
(44, 'baronesa de orczy', 'Húngara', '2024-11-20 03:11:32', '2024-11-20 03:11:32'),
(45, 'benito perez galdos', 'Española', '2024-11-20 03:11:32', '2024-11-20 03:11:32'),
(46, 'benjamin subercaseaux', 'Chilena', '2024-11-20 03:11:32', '2024-11-20 03:11:32'),
(47, 'bianca pitzorno', 'Italiana', '2024-11-20 03:11:32', '2024-11-20 03:11:32'),
(48, 'biblioteca ercilla', 'Chilena', '2024-11-20 03:11:32', '2024-11-20 03:11:32'),
(49, 'biblioteca nueva', 'Española', '2024-11-20 03:11:32', '2024-11-20 03:11:32'),
(50, 'blanca santa cruz', 'Chilena', '2024-11-20 03:11:32', '2024-11-20 03:11:32'),
(51, 'boris pasternak', 'Rusa', '2024-11-20 03:11:32', '2024-11-20 03:11:32'),
(52, 'bruce graeme', 'Británica', '2024-11-20 03:11:32', '2024-11-20 03:11:32'),
(53, 'c. m. bowra', 'Británica', '2024-11-20 03:11:32', '2024-11-20 03:11:32'),
(54, 'c.s. lewis', 'Británica', '2024-11-20 03:11:32', '2024-11-20 03:11:32'),
(55, 'calderon de la barca', 'Española', '2024-11-20 03:11:32', '2024-11-20 03:11:32'),
(56, 'cardenal wiseman', 'Británica', '2024-11-20 03:11:32', '2024-11-20 03:11:32'),
(57, 'carlo carreotto', 'Italiana', '2024-11-20 03:11:32', '2024-11-20 03:11:32'),
(58, 'carlo collodi', 'Italiana', '2024-11-20 03:11:32', '2024-11-20 03:11:32'),
(59, 'carlos fuentes', 'Mexicana', '2024-11-20 03:11:32', '2024-11-20 03:11:32'),
(60, 'carmen de alonso', 'Argentina', '2024-11-20 03:11:32', '2024-11-20 03:11:32'),
(61, 'carmen vazquez-vigo', 'Española', '2024-11-20 03:11:32', '2024-11-20 03:11:32'),
(62, 'cecil saint-laurent', 'Francesa', '2024-11-20 03:11:32', '2024-11-20 03:11:32'),
(63, 'charles berlitz', 'Estadounidense', '2024-11-20 03:11:32', '2024-11-20 03:11:32'),
(64, 'charles dickens', 'Británica', '2024-11-20 03:11:32', '2024-11-20 03:11:32'),
(65, 'charles exbrayat', 'Francesa', '2024-11-20 03:11:32', '2024-11-20 03:11:32'),
(66, 'charles perrault', 'Francesa', '2024-11-20 03:11:32', '2024-11-20 03:11:32'),
(67, 'charlotte bronte', 'Británica', '2024-11-20 03:11:32', '2024-11-20 03:11:32'),
(68, 'chejov', 'Rusa', '2024-11-20 03:11:32', '2024-11-20 03:11:32'),
(69, 'christiane rochefort', 'Francesa', '2024-11-20 03:11:32', '2024-11-20 03:11:32'),
(70, 'christine nöstlinger', 'Austriaca', '2024-11-20 03:11:32', '2024-11-20 03:11:32'),
(71, 'ciro alegría', 'Peruana', '2024-11-20 03:11:32', '2024-11-20 03:11:32'),
(72, 'claude farrere', 'Francesa', '2024-11-20 03:11:32', '2024-11-20 03:11:32'),
(73, 'claude g. bowers', 'Estadounidense', '2024-11-20 03:11:32', '2024-11-20 03:11:32'),
(74, 'collen mc cullough', 'Australiana', '2024-11-20 03:11:32', '2024-11-20 03:11:32'),
(75, 'concha lópez narváez rafael salmeron', 'Española', '2024-11-20 03:11:32', '2024-11-20 03:11:32'),
(76, 'cornell woolrich', 'Estadounidense', '2024-11-20 03:11:32', '2024-11-20 03:11:32'),
(77, 'cristobal schmid', 'Alemana', '2024-11-20 03:11:32', '2024-11-20 03:11:32'),
(78, 'curzio malaparte', 'Italiana', '2024-11-20 03:11:32', '2024-11-20 03:11:32'),
(79, 'd. terman', 'Estadounidense', '2024-11-20 03:11:32', '2024-11-20 03:11:32'),
(80, 'd.h.lawrence', 'Británica', '2024-11-20 03:11:32', '2024-11-20 03:11:32'),
(81, 'dale carnegie', 'Estadounidense', '2024-11-20 03:11:32', '2024-11-20 03:11:32'),
(82, 'daniel barros grez', 'Chilena', '2024-11-20 03:11:32', '2024-11-20 03:11:32'),
(83, 'daniel belmar', 'Chilena', '2024-11-20 03:11:32', '2024-11-20 03:11:32'),
(84, 'daniel dafoe', 'Británica', '2024-11-20 03:11:32', '2024-11-20 03:11:32'),
(85, 'daniel defoe', 'Británica', '2024-11-20 03:11:32', '2024-11-20 03:11:32'),
(86, 'daphne du maurier', 'Británica', '2024-11-20 03:11:32', '2024-11-20 03:11:32'),
(87, 'dario oses', 'Chilena', '2024-11-20 03:11:32', '2024-11-20 03:11:32'),
(88, 'dav pilkey', 'Estadounidense', '2024-11-20 03:11:32', '2024-11-20 03:11:32'),
(89, 'david morrell', 'Canadiense', '2024-11-20 03:11:32', '2024-11-20 03:11:32'),
(90, 'david westheimer', 'Estadounidense', '2024-11-20 03:11:32', '2024-11-20 03:11:32'),
(91, 'dimiter inkiow', 'Bulgara', '2024-11-20 03:11:32', '2024-11-20 03:11:32'),
(92, 'don juan manuel', 'Española', '2024-11-20 03:11:32', '2024-11-20 03:11:32'),
(93, 'donn bryne', 'Irlandesa', '2024-11-20 03:11:32', '2024-11-20 03:11:32'),
(94, 'dostoievski', 'Rusa', '2024-11-20 03:11:32', '2024-11-20 03:11:32'),
(95, 'dr. andré berge', 'Francesa', '2024-11-20 03:11:32', '2024-11-20 03:11:32'),
(96, 'dr. haroldo shryock', 'Estadounidense', '2024-11-20 03:11:32', '2024-11-20 03:11:32'),
(97, 'e. salgari', 'Italiana', '2024-11-20 03:11:32', '2024-11-20 03:11:32'),
(98, 'edgar allan poe', 'Estadounidense', '2024-11-20 03:11:32', '2024-11-20 03:11:32'),
(99, 'edgar rice burroughs', 'Estadounidense', '2024-11-20 03:11:32', '2024-11-20 03:11:32'),
(100, 'edison marshall', 'Estadounidense', '2024-11-20 03:11:32', '2024-11-20 03:11:32'),
(101, 'edmon rostand', 'Francesa', '2024-11-20 03:11:32', '2024-11-20 03:11:32'),
(102, 'edmundo de amicis', 'Italiana', '2024-11-20 03:11:32', '2024-11-20 03:11:32'),
(103, 'el mercurio', 'Chilena', '2024-11-20 03:11:32', '2024-11-20 03:11:32'),
(104, 'elena g. de white', 'Estadounidense', '2024-11-20 03:11:32', '2024-11-20 03:11:32'),
(105, 'elizabeth subercaseaux', 'Chilena', '2024-11-20 03:11:32', '2024-11-20 03:11:32'),
(106, 'ellis kaut', 'Alemana', '2024-11-20 03:11:32', '2024-11-20 03:11:32'),
(107, 'elsa morante', 'Italiana', '2024-11-20 03:11:32', '2024-11-20 03:11:32'),
(108, 'ely chinoy', 'Estadounidense', '2024-11-20 03:11:32', '2024-11-20 03:11:32'),
(109, 'emilia pardo bazan', 'Española', '2024-11-20 03:11:32', '2024-11-20 03:11:32'),
(110, 'emilio salgari', 'Italiana', '2024-11-20 03:11:32', '2024-11-20 03:11:32'),
(111, 'emilio zola', 'Francesa', '2024-11-20 03:11:32', '2024-11-20 03:11:32'),
(112, 'emily bronte', 'Británica', '2024-11-20 03:11:32', '2024-11-20 03:11:32'),
(113, 'enrique araya', 'Chilena', '2024-11-20 03:11:32', '2024-11-20 03:11:32'),
(114, 'enrique barrios', 'Chilena', '2024-11-20 03:11:32', '2024-11-20 03:11:32'),
(115, 'enrique ibsen', 'Chilena', '2024-11-20 03:11:32', '2024-11-20 03:11:32'),
(116, 'enrique lafourcade', 'Chilena', '2024-11-20 03:11:32', '2024-11-20 03:11:32'),
(117, 'enrique rojas', 'Española', '2024-11-20 03:11:32', '2024-11-20 03:11:32'),
(118, 'enrique sienkiewicz', 'Polaca', '2024-11-20 03:11:32', '2024-11-20 03:11:32'),
(119, 'ercilla', 'Española', '2024-11-20 03:11:32', '2024-11-20 03:11:32'),
(120, 'eric clark', 'Estadounidense', '2024-11-20 03:11:32', '2024-11-20 03:11:32'),
(121, 'eric wilson', 'Canadiense', '2024-11-20 03:11:32', '2024-11-20 03:11:32'),
(122, 'erich von däniken', 'Suiza', '2024-11-20 03:11:32', '2024-11-20 03:11:32'),
(123, 'ernest hemingway', 'Estadounidense', '2024-11-20 03:11:32', '2024-11-20 03:11:32'),
(124, 'ernest jones', 'Británica', '2024-11-20 03:11:32', '2024-11-20 03:11:32'),
(125, 'ernesto livacic', 'Chilena', '2024-11-20 03:11:32', '2024-11-20 03:11:32'),
(126, 'ernesto montenegro', 'Chilena', '2024-11-20 03:11:32', '2024-11-20 03:11:32'),
(127, 'ernesto sabato', 'Argentina', '2024-11-20 03:11:32', '2024-11-20 03:11:32'),
(128, 'ester cosani', 'Chilena', '2024-11-20 03:11:32', '2024-11-20 03:11:32'),
(129, 'f. scott fitzgerald', 'Estadounidense', '2024-11-20 03:11:32', '2024-11-20 03:11:32'),
(130, 'f. w. h. myers', 'Británica', '2024-11-20 03:11:32', '2024-11-20 03:11:32'),
(131, 'federico garcia lorca', 'Española', '2024-11-20 03:11:32', '2024-11-20 03:11:32'),
(132, 'fenimore cooper', 'Estadounidense', '2024-11-20 03:11:32', '2024-11-20 03:11:32'),
(133, 'fernando alegria', 'Chilena', '2024-11-20 03:11:32', '2024-11-20 03:11:32'),
(134, 'fernando cuadra', 'Chilena', '2024-11-20 03:11:32', '2024-11-20 03:11:32'),
(135, 'fernando de rojas', 'Española', '2024-11-20 03:11:32', '2024-11-20 03:11:32'),
(136, 'fernando mujica bezanilla', 'Chilena', '2024-11-20 03:11:32', '2024-11-20 03:11:32'),
(137, 'fernando silva sanchez', 'Chilena', '2024-11-20 03:11:32', '2024-11-20 03:11:32'),
(138, 'fidel sepulveda ll.', 'Chilena', '2024-11-20 03:11:32', '2024-11-20 03:11:32'),
(139, 'fiódor dostoievski', 'Rusa', '2024-11-20 03:11:32', '2024-11-20 03:11:32'),
(140, 'francis scott fiztgerald', 'Estadounidense', '2024-11-20 03:11:32', '2024-11-20 03:11:32'),
(141, 'francisco coloane', 'Chilena', '2024-11-20 03:11:32', '2024-11-20 03:11:32'),
(142, 'francisco morazan', 'Hondureña', '2024-11-20 03:11:32', '2024-11-20 03:11:32'),
(143, 'franco solinas', 'Italiana', '2024-11-20 03:11:32', '2024-11-20 03:11:32'),
(144, 'francoise mallet-joris', 'Belga', '2024-11-20 03:11:32', '2024-11-20 03:11:32'),
(145, 'frantz fanon', 'Martinicana', '2024-11-20 03:11:32', '2024-11-20 03:11:32'),
(146, 'franz kafka', 'Checa', '2024-11-20 03:11:32', '2024-11-20 03:11:32'),
(147, 'fray luis de león', 'Española', '2024-11-20 03:11:32', '2024-11-20 03:11:32'),
(148, 'frederic brown', 'Estadounidense', '2024-11-20 03:11:32', '2024-11-20 03:11:32'),
(149, 'frederick forsyth', 'Británica', '2024-11-20 03:11:32', '2024-11-20 03:11:32'),
(150, 'friedrich durrenmatt', 'Suiza', '2024-11-20 03:11:32', '2024-11-20 03:11:32'),
(151, 'fulton sheen', 'Estadounidense', '2024-11-20 03:11:32', '2024-11-20 03:11:32'),
(152, 'g. martinez sierra', 'Española', '2024-11-20 03:11:32', '2024-11-20 03:11:32'),
(153, 'gabriel d\'annunzio', 'Italiana', '2024-11-20 03:11:32', '2024-11-20 03:11:32'),
(154, 'gabriel garcia marquez', 'Colombiana', '2024-11-20 03:11:32', '2024-11-20 03:11:32'),
(155, 'gabriela mistral', 'Chilena', '2024-11-20 03:11:32', '2024-11-20 03:11:32'),
(156, 'george feifer', 'Estadounidense', '2024-11-20 03:11:32', '2024-11-20 03:11:32'),
(157, 'george orwell', 'Británica', '2024-11-20 03:11:32', '2024-11-20 03:11:32'),
(158, 'georges sim', 'Belga', '2024-11-20 03:11:32', '2024-11-20 03:11:32'),
(159, 'gibran jalil gibran', 'Libanesa', '2024-11-20 03:11:32', '2024-11-20 03:11:32'),
(160, 'gilbert keith chesterton', 'Británica', '2024-11-20 03:11:32', '2024-11-20 03:11:32'),
(161, 'gobierno de chile', 'Chilena', '2024-11-20 03:11:32', '2024-11-20 03:11:32'),
(162, 'graciela repún', 'Argentina', '2024-11-20 03:11:32', '2024-11-20 03:11:32'),
(163, 'graciela toto romero - ximena torres cautivo', 'Chilena', '2024-11-20 03:11:32', '2024-11-20 03:11:32'),
(164, 'graham greene', 'Británica', '2024-11-20 03:11:32', '2024-11-20 03:11:32'),
(165, 'guillermo blanco', 'Chilena', '2024-11-20 03:11:32', '2024-11-20 03:11:32'),
(166, 'gustave flauvert', 'Francesa', '2024-11-20 03:11:32', '2024-11-20 03:11:32'),
(167, 'gustavo adolfo becquer', 'Española', '2024-11-20 03:11:32', '2024-11-20 03:11:32'),
(168, 'guy de maupassant', 'Francesa', '2024-11-20 03:11:32', '2024-11-20 03:11:32'),
(169, 'hans ruesch', 'Suiza', '2024-11-20 03:11:32', '2024-11-20 03:11:32'),
(170, 'harold kushner', 'Estadounidense', '2024-11-20 03:11:32', '2024-11-20 03:11:32'),
(171, 'harriet beecher stowe', 'Estadounidense', '2024-11-20 03:11:32', '2024-11-20 03:11:32'),
(172, 'harvey y marilyn diamond', 'Estadounidense', '2024-11-20 03:11:32', '2024-11-20 03:11:32'),
(173, 'henry james', 'Estadounidense', '2024-11-20 03:11:32', '2024-11-20 03:11:32'),
(174, 'henry miller', 'Estadounidense', '2024-11-20 03:11:32', '2024-11-20 03:11:32'),
(175, 'herman melville', 'Estadounidense', '2024-11-20 03:11:32', '2024-11-20 03:11:32'),
(176, 'hermann hesse', 'Alemana', '2024-11-20 03:11:32', '2024-11-20 03:11:32'),
(177, 'hernán del solar', 'Chilena', '2024-11-20 03:11:32', '2024-11-20 03:11:32'),
(178, 'homero', 'Griega', '2024-11-20 03:11:32', '2024-11-20 03:11:32'),
(179, 'horacio quiroga', 'Uruguaya', '2024-11-20 03:11:32', '2024-11-20 03:11:32'),
(180, 'héctor malot', 'Francesa', '2024-11-20 03:11:32', '2024-11-20 03:11:32'),
(181, 'ian fleming', 'Británica', '2024-11-20 03:11:32', '2024-11-20 03:11:32'),
(182, 'ilya ilf y e. petrov', 'Rusa', '2024-11-20 03:11:32', '2024-11-20 03:11:32'),
(183, 'ira levin', 'Estadounidense', '2024-11-20 03:11:32', '2024-11-20 03:11:32'),
(184, 'irving stone', 'Estadounidense', '2024-11-20 03:11:32', '2024-11-20 03:11:32'),
(185, 'irving wallace', 'Estadounidense', '2024-11-20 03:11:32', '2024-11-20 03:11:32'),
(186, 'isabel allende', 'Chilena', '2024-11-20 03:11:32', '2024-11-20 03:11:32'),
(187, 'ivar da coll', 'Colombiana', '2024-11-20 03:11:32', '2024-11-20 03:11:32'),
(188, 'j. edwards bello', 'Chilena', '2024-11-20 03:11:32', '2024-11-20 03:11:32'),
(189, 'j. fenimore cooper', 'Estadounidense', '2024-11-20 03:11:32', '2024-11-20 03:11:32'),
(190, 'j. k. rowling', 'Británica', '2024-11-20 03:11:32', '2024-11-20 03:11:32'),
(191, 'j. manuel jofré agüero', 'Chilena', '2024-11-20 03:11:32', '2024-11-20 03:11:32'),
(192, 'jaap ter haar', 'Holandesa', '2024-11-20 03:11:32', '2024-11-20 03:11:32'),
(193, 'jacinto benavente', 'Española', '2024-11-20 03:11:32', '2024-11-20 03:11:32'),
(194, 'jack london', 'Estadounidense', '2024-11-20 03:11:32', '2024-11-20 03:11:32'),
(195, 'jacqueline balcells', 'Chilena', '2024-11-20 03:11:32', '2024-11-20 03:11:32'),
(196, 'jacqueline balcells y ana maria güiraldes', 'Chilena', '2024-11-20 03:11:32', '2024-11-20 03:11:32'),
(197, 'jacqueline susann', 'Estadounidense', '2024-11-20 03:11:32', '2024-11-20 03:11:32'),
(198, 'jaime campusano', 'Chilena', '2024-11-20 03:11:32', '2024-11-20 03:11:32'),
(199, 'jaime eyzaguirre', 'Chilena', '2024-11-20 03:11:32', '2024-11-20 03:11:32'),
(200, 'jaime hagel echenique', 'Chilena', '2024-11-20 03:11:32', '2024-11-20 03:11:32'),
(201, 'jaime rest', 'Uruguaya', '2024-11-20 03:11:32', '2024-11-20 03:11:32'),
(202, 'james a. michener', 'Estadounidense', '2024-11-20 03:11:32', '2024-11-20 03:11:32'),
(203, 'james hilton', 'Británica', '2024-11-20 03:11:32', '2024-11-20 03:11:32'),
(204, 'jean lartéguy', 'Francesa', '2024-11-20 03:11:32', '2024-11-20 03:11:32'),
(205, 'jean muzi', 'Francesa', '2024-11-20 03:11:32', '2024-11-20 03:11:32'),
(206, 'jean plaidy', 'Británica', '2024-11-20 03:11:32', '2024-11-20 03:11:32'),
(207, 'jean webster', 'Estadounidense', '2024-11-20 03:11:32', '2024-11-20 03:11:32'),
(208, 'jean ziegler', 'Suiza', '2024-11-20 03:11:32', '2024-11-20 03:11:32'),
(209, 'jenaro prieto', 'Chilena', '2024-11-20 03:11:32', '2024-11-20 03:11:32'),
(210, 'jhon le carré', 'Británica', '2024-11-20 03:11:32', '2024-11-20 03:11:32'),
(211, 'joan aiken', 'Británica', '2024-11-20 03:11:32', '2024-11-20 03:11:32'),
(212, 'joaquin aguirre bellver', 'Española', '2024-11-20 03:11:32', '2024-11-20 03:11:32'),
(213, 'joaquin lavin', 'Chilena', '2024-11-20 03:11:32', '2024-11-20 03:11:32'),
(214, 'johann wolfgang goethe', 'Alemana', '2024-11-20 03:11:32', '2024-11-20 03:11:32'),
(215, 'john dickson carr', 'Estadounidense', '2024-11-20 03:11:32', '2024-11-20 03:11:32'),
(216, 'john gray', 'Estadounidense', '2024-11-20 03:11:32', '2024-11-20 03:11:32'),
(217, 'john grisham', 'Estadounidense', '2024-11-20 03:11:32', '2024-11-20 03:11:32'),
(218, 'jorge edwards', 'Chilena', '2024-11-20 03:11:32', '2024-11-20 03:11:32'),
(219, 'jorge icaza', 'Ecuatoriana', '2024-11-20 03:11:32', '2024-11-20 03:11:32'),
(220, 'jorge isaac', 'Colombiana', '2024-11-20 03:11:32', '2024-11-20 03:11:32'),
(221, 'jorge l. borgues', 'Argentina', '2024-11-20 03:11:32', '2024-11-20 03:11:32'),
(222, 'jorge sasía', 'Uruguaya', '2024-11-20 03:11:32', '2024-11-20 03:11:32'),
(223, 'jose donoso', 'Chilena', '2024-11-20 03:11:32', '2024-11-20 03:11:32'),
(224, 'jose eustasio rivera', 'Colombiana', '2024-11-20 03:11:32', '2024-11-20 03:11:32'),
(225, 'jose hernandez', 'Argentina', '2024-11-20 03:11:32', '2024-11-20 03:11:32'),
(226, 'jose luis martin descalzo', 'Española', '2024-11-20 03:11:32', '2024-11-20 03:11:32'),
(227, 'jose luis olaizola', 'Española', '2024-11-20 03:11:32', '2024-11-20 03:11:32'),
(228, 'jose luis rosasco', 'Chilena', '2024-11-20 03:11:32', '2024-11-20 03:11:32'),
(229, 'jose m. sanchez silva', 'Española', '2024-11-20 03:11:32', '2024-11-20 03:11:32'),
(230, 'jose maria arguedas', 'Peruana', '2024-11-20 03:11:32', '2024-11-20 03:11:32'),
(231, 'jose maria de pereda', 'Española', '2024-11-20 03:11:32', '2024-11-20 03:11:32'),
(232, 'jose marmol', 'Argentina', '2024-11-20 03:11:32', '2024-11-20 03:11:32'),
(233, 'jose mauro de vanconcelos', 'Brasileña', '2024-11-20 03:11:32', '2024-11-20 03:11:32'),
(234, 'jose piñera', 'Chilena', '2024-11-20 03:11:32', '2024-11-20 03:11:32'),
(235, 'jose ramon azpiri', 'Española', '2024-11-20 03:11:32', '2024-11-20 03:11:32'),
(236, 'jose zorrilla', 'Española', '2024-11-20 03:11:32', '2024-11-20 03:11:32'),
(237, 'juan bautista alberdi', 'Argentina', '2024-11-20 03:11:32', '2024-11-20 03:11:32'),
(238, 'juan muñoz martín', 'Española', '2024-11-20 03:11:32', '2024-11-20 03:11:32'),
(239, 'juan rulfo', 'Mexicana', '2024-11-20 03:11:32', '2024-11-20 03:11:32'),
(240, 'juana spiry', 'Suiza', '2024-11-20 03:11:32', '2024-11-20 03:11:32'),
(241, 'julio cortazar', 'Argentina', '2024-11-20 03:11:32', '2024-11-20 03:11:32'),
(242, 'julio ravazzano sanmartino', 'Uruguaya', '2024-11-20 03:11:32', '2024-11-20 03:11:32'),
(243, 'julio verne', 'Francesa', '2024-11-20 03:11:32', '2024-11-20 03:11:32'),
(244, 'june loves', 'Australiana', '2024-11-20 03:11:32', '2024-11-20 03:11:32'),
(245, 'kalil gibran', 'Libanesa', '2024-11-20 03:11:32', '2024-11-20 03:11:32'),
(246, 'l. fernandez de moratin', 'Española', '2024-11-20 03:11:32', '2024-11-20 03:11:32'),
(247, 'lawrence durrell', 'Británica', '2024-11-20 03:11:32', '2024-11-20 03:11:32'),
(248, 'leandro fernandez de moratin', 'Española', '2024-11-20 03:11:32', '2024-11-20 03:11:32'),
(249, 'leon tolstoi', 'Rusa', '2024-11-20 03:11:32', '2024-11-20 03:11:32'),
(250, 'leon uris', 'Estadounidense', '2024-11-20 03:11:32', '2024-11-20 03:11:32'),
(251, 'lewis wallace', 'Estadounidense', '2024-11-20 03:11:32', '2024-11-20 03:11:32'),
(252, 'lidia contreras f.', 'Chilena', '2024-11-20 03:11:32', '2024-11-20 03:11:32'),
(253, 'liv ullman', 'Noruega', '2024-11-20 03:11:32', '2024-11-20 03:11:32'),
(254, 'lobsang rampa', 'Británica', '2024-11-20 03:11:32', '2024-11-20 03:11:32'),
(255, 'lope de vega', 'Española', '2024-11-20 03:11:32', '2024-11-20 03:11:32'),
(256, 'louis bromfield', 'Estadounidense', '2024-11-20 03:11:32', '2024-11-20 03:11:32'),
(257, 'louisa may alcott', 'Estadounidense', '2024-11-20 03:11:32', '2024-11-20 03:11:32'),
(258, 'louise munro foley', 'Canadiense', '2024-11-20 03:11:32', '2024-11-20 03:11:32'),
(259, 'lucia baquedano', 'Española', '2024-11-20 03:11:32', '2024-11-20 03:11:32'),
(260, 'luigi pirandello', 'Italiana', '2024-11-20 03:11:32', '2024-11-20 03:11:32'),
(261, 'luis briones carvajal', 'Chilena', '2024-11-20 03:11:32', '2024-11-20 03:11:32'),
(262, 'luis de camoens', 'Portuguesa', '2024-11-20 03:11:32', '2024-11-20 03:11:32'),
(263, 'luis durand', 'Chilena', '2024-11-20 03:11:32', '2024-11-20 03:11:32'),
(264, 'luis orrego luco', 'Chilena', '2024-11-20 03:11:32', '2024-11-20 03:11:32'),
(265, 'luis rivano', 'Chilena', '2024-11-20 03:11:32', '2024-11-20 03:11:32'),
(266, 'luis sepulveda', 'Chilena', '2024-11-20 03:11:32', '2024-11-20 03:11:32'),
(267, 'm. de unamuno', 'Española', '2024-11-20 03:11:32', '2024-11-20 03:11:32'),
(268, 'malu sierra', 'Chilena', '2024-11-20 03:11:32', '2024-11-20 03:11:32'),
(269, 'manuel kojchen a.', 'Chilena', '2024-11-20 03:11:32', '2024-11-20 03:11:32'),
(270, 'manuel montencinos caro', 'Chilena', '2024-11-20 03:11:32', '2024-11-20 03:11:32'),
(271, 'manuel rojas', 'Chilena', '2024-11-20 03:11:32', '2024-11-20 03:11:32'),
(272, 'manuel rossell pesant', 'Cubana', '2024-11-20 03:11:32', '2024-11-20 03:11:32'),
(273, 'marc brandel', 'Estadounidense', '2024-11-20 03:11:32', '2024-11-20 03:11:32'),
(274, 'marcela paz', 'Chilena', '2024-11-20 03:11:32', '2024-11-20 03:11:32'),
(275, 'marcela serrano', 'Chilena', '2024-11-20 03:11:32', '2024-11-20 03:11:32'),
(276, 'marco polo', 'Italiana', '2024-11-20 03:11:32', '2024-11-20 03:11:32'),
(277, 'margaret kennedy', 'Británica', '2024-11-20 03:11:32', '2024-11-20 03:11:32'),
(278, 'margaret mitchell', 'Estadounidense', '2024-11-20 03:11:32', '2024-11-20 03:11:32'),
(279, 'margarita maine', 'Argentina', '2024-11-20 03:11:32', '2024-11-20 03:11:32'),
(280, 'marguerite yourcenar', 'Francesa', '2024-11-20 03:11:32', '2024-11-20 03:11:32'),
(281, 'maria canepa guzman', 'Chilena', '2024-11-20 03:11:32', '2024-11-20 03:11:32'),
(282, 'maria ines falconi', 'Argentina', '2024-11-20 03:11:32', '2024-11-20 03:11:32'),
(283, 'maria luisa bombal', 'Chilena', '2024-11-20 03:11:32', '2024-11-20 03:11:32'),
(284, 'maria puncel', 'Española', '2024-11-20 03:11:32', '2024-11-20 03:11:32'),
(285, 'mariano jose de larra', 'Española', '2024-11-20 03:11:32', '2024-11-20 03:11:32'),
(286, 'marie-pierre perdrizet', 'Francesa', '2024-11-20 03:11:32', '2024-11-20 03:11:32'),
(287, 'mario puzo', 'Estadounidense', '2024-11-20 03:11:32', '2024-11-20 03:11:32'),
(288, 'mario vargas llosa', 'Peruana', '2024-11-20 03:11:32', '2024-11-20 03:11:32'),
(289, 'mark twain', 'Estadounidense', '2024-11-20 03:11:32', '2024-11-20 03:11:32'),
(290, 'marta blanco', 'Chilena', '2024-11-20 03:11:32', '2024-11-20 03:11:32'),
(291, 'marta brunet', 'Chilena', '2024-11-20 03:11:32', '2024-11-20 03:11:32'),
(292, 'mary w. shelly', 'Británica', '2024-11-20 03:11:32', '2024-11-20 03:11:32'),
(293, 'maría eugenia rojas', 'Colombiana', '2024-11-20 03:11:32', '2024-11-20 03:11:32'),
(294, 'matias radife', 'Chilena', '2024-11-20 03:11:32', '2024-11-20 03:11:32'),
(295, 'matilde ladron de guevara', 'Chilena', '2024-11-20 03:11:32', '2024-11-20 03:11:32'),
(296, 'max lerner', 'Estadounidense', '2024-11-20 03:11:32', '2024-11-20 03:11:32'),
(297, 'maximo pacheco gómez', 'Chilena', '2024-11-20 03:11:32', '2024-11-20 03:11:32'),
(298, 'michael crichton', 'Estadounidense', '2024-11-20 03:11:32', '2024-11-20 03:11:32'),
(299, 'michel laclotte', 'Francesa', '2024-11-20 03:11:32', '2024-11-20 03:11:32'),
(300, 'miguel de cervantes', 'Española', '2024-11-20 03:11:32', '2024-11-20 03:11:32'),
(301, 'miguel de unamuno', 'Española', '2024-11-20 03:11:32', '2024-11-20 03:11:32'),
(302, 'mira lobe', 'Austríaca', '2024-11-20 03:11:32', '2024-11-20 03:11:32'),
(303, 'moliere', 'Francesa', '2024-11-20 03:11:32', '2024-11-20 03:11:32'),
(304, 'mollie hunter', 'Escocesa', '2024-11-20 03:11:32', '2024-11-20 03:11:32'),
(305, 'morris west', 'Australiana', '2024-11-20 03:11:32', '2024-11-20 03:11:32'),
(306, 'mtias rafide batarce', 'Chilena', '2024-11-20 03:11:32', '2024-11-20 03:11:32'),
(307, 'nicholas blake', 'Británica', '2024-11-20 03:11:32', '2024-11-20 03:11:32'),
(308, 'o. henry', 'Estadounidense', '2024-11-20 03:11:32', '2024-11-20 03:11:32'),
(309, 'oscar castro', 'Chilena', '2024-11-20 03:11:32', '2024-11-20 03:11:32'),
(310, 'oscar hahn', 'Chilena', '2024-11-20 03:11:32', '2024-11-20 03:11:32'),
(311, 'pablo huneeus', 'Chilena', '2024-11-20 03:11:32', '2024-11-20 03:11:32'),
(312, 'pablo neruda', 'Chilena', '2024-11-20 03:11:32', '2024-11-20 03:11:32'),
(313, 'paul maar', 'Alemana', '2024-11-20 03:11:32', '2024-11-20 03:11:32'),
(314, 'pearl s. buck', 'Estadounidense', '2024-11-20 03:11:32', '2024-11-20 03:11:32'),
(315, 'pedro antonio de alarcón', 'Española', '2024-11-20 03:11:32', '2024-11-20 03:11:32'),
(316, 'pedro calderon de la barca', 'Española', '2024-11-20 03:11:32', '2024-11-20 03:11:32'),
(317, 'pedro prado', 'Chilena', '2024-11-20 03:11:32', '2024-11-20 03:11:32'),
(318, 'peter ustinov', 'Británica', '2024-11-20 03:11:32', '2024-11-20 03:11:32'),
(319, 'pierre broué y ëmile térmime', 'Francesa', '2024-11-20 03:11:32', '2024-11-20 03:11:32'),
(320, 'pieter van der meer de wakcheren', 'Holandesa', '2024-11-20 03:11:32', '2024-11-20 03:11:32'),
(321, 'pilar mateos', 'Española', '2024-11-20 03:11:32', '2024-11-20 03:11:32'),
(322, 'pio baroja', 'Española', '2024-11-20 03:11:32', '2024-11-20 03:11:32'),
(323, 'pushkin', 'Rusa', '2024-11-20 03:11:32', '2024-11-20 03:11:32'),
(324, 'r. l. stine', 'Estadounidense', '2024-11-20 03:11:32', '2024-11-20 03:11:32'),
(325, 'r.a. montgomery', 'Estadounidense', '2024-11-20 03:11:32', '2024-11-20 03:11:32'),
(326, 'rabindranath tagore', 'India', '2024-11-20 03:11:32', '2024-11-20 03:11:32'),
(327, 'rafael maluenda', 'Chilena', '2024-11-20 03:11:32', '2024-11-20 03:11:32'),
(328, 'ramiro de maeztu', 'Española', '2024-11-20 03:11:32', '2024-11-20 03:11:32'),
(329, 'ramon del valle-inclan', 'Española', '2024-11-20 03:11:32', '2024-11-20 03:11:32'),
(330, 'ramon garcia dominguez', 'Española', '2024-11-20 03:11:32', '2024-11-20 03:11:32'),
(331, 'ramón jiménez', 'Española', '2024-11-20 03:11:32', '2024-11-20 03:11:32'),
(332, 'raul aldunate menendez', 'Chilena', '2024-11-20 03:11:32', '2024-11-20 03:11:32'),
(333, 'raul silva castro', 'Chilena', '2024-11-20 03:11:32', '2024-11-20 03:11:32'),
(334, 'ray bradbury', 'Estadounidense', '2024-11-20 03:11:32', '2024-11-20 03:11:32'),
(335, 'rene barjavel', 'Francesa', '2024-11-20 03:11:32', '2024-11-20 03:11:32'),
(336, 'ricardo güiraldes', 'Argentina', '2024-11-20 03:11:32', '2024-11-20 03:11:32'),
(337, 'roald dahl', 'Británica', '2024-11-20 03:11:32', '2024-11-20 03:11:32'),
(338, 'robert fisher', 'Estadounidense', '2024-11-20 03:11:32', '2024-11-20 03:11:32'),
(339, 'robert l. stevenson', 'Británica', '2024-11-20 03:11:32', '2024-11-20 03:11:32'),
(340, 'robin cook', 'Estadounidense', '2024-11-20 03:11:32', '2024-11-20 03:11:32'),
(341, 'roger peyrefitte', 'Francesa', '2024-11-20 03:11:32', '2024-11-20 03:11:32'),
(342, 'romulo gallegos', 'Venezolana', '2024-11-20 03:11:32', '2024-11-20 03:11:32'),
(343, 'rosamunde pilcher', 'Británica', '2024-11-20 03:11:32', '2024-11-20 03:11:32'),
(344, 'ruben dario', 'Nicaragüense', '2024-11-20 03:11:32', '2024-11-20 03:11:32'),
(345, 'rudyard kipling', 'Británica', '2024-11-20 03:11:32', '2024-11-20 03:11:32'),
(346, 's.s. van dine', 'Estadounidense', '2024-11-20 03:11:32', '2024-11-20 03:11:32'),
(347, 'samuel a. lillo', 'Chilena', '2024-11-20 03:11:32', '2024-11-20 03:11:32'),
(348, 'saul schkolnik', 'Chilena', '2024-11-20 03:11:32', '2024-11-20 03:11:32'),
(349, 'selma lagerlof', 'Sueca', '2024-11-20 03:11:32', '2024-11-20 03:11:32'),
(350, 'sempe / goscinny', 'Francesa', '2024-11-20 03:11:32', '2024-11-20 03:11:32'),
(351, 'shirley ann grau', 'Estadounidense', '2024-11-20 03:11:32', '2024-11-20 03:11:32'),
(352, 'sidney sheldon', 'Estadounidense', '2024-11-20 03:11:32', '2024-11-20 03:11:32'),
(353, 'sigmund freud', 'Austriaca', '2024-11-20 03:11:32', '2024-11-20 03:11:32'),
(354, 'simone de beauvoir', 'Francesa', '2024-11-20 03:11:32', '2024-11-20 03:11:32'),
(355, 'sir paul vinogradoff', 'Rusa', '2024-11-20 03:11:32', '2024-11-20 03:11:32'),
(356, 'sommerset maugham', 'Británica', '2024-11-20 03:11:32', '2024-11-20 03:11:32'),
(357, 'stefan zweig', 'Austriaca', '2024-11-20 03:11:32', '2024-11-20 03:11:32'),
(358, 'stendhal', 'Francesa', '2024-11-20 03:11:32', '2024-11-20 03:11:32'),
(359, 'susana zanetti', 'Argentina', '2024-11-20 03:11:32', '2024-11-20 03:11:32'),
(360, 'swami shivapremananda', 'India', '2024-11-20 03:11:32', '2024-11-20 03:11:32'),
(361, 'sófocles', 'Griega', '2024-11-20 03:11:32', '2024-11-20 03:11:32'),
(362, 'teilhard de chardi', 'Francesa', '2024-11-20 03:11:32', '2024-11-20 03:11:32'),
(363, 'thomas mann', 'Alemana', '2024-11-20 03:11:32', '2024-11-20 03:11:32'),
(364, 'tirso de molina', 'Española', '2024-11-20 03:11:32', '2024-11-20 03:11:32'),
(365, 'tomasi di lampedusa', 'Italiana', '2024-11-20 03:11:32', '2024-11-20 03:11:32'),
(366, 'truman capote', 'Estadounidense', '2024-11-20 03:11:32', '2024-11-20 03:11:32'),
(367, 'universidad de chile', 'Chile', '2024-11-20 03:11:32', '2024-11-20 03:11:32'),
(368, 'v. s. naipaul', 'Trinidad y Tobago', '2024-11-20 03:11:32', '2024-11-20 03:11:32'),
(369, 'vicente huidobro', 'Chilena', '2024-11-20 03:11:32', '2024-11-20 03:11:32'),
(370, 'vicente perez rosales', 'Chilena', '2024-11-20 03:11:32', '2024-11-20 03:11:32'),
(371, 'victor domingo silva', 'Chilena', '2024-11-20 03:11:32', '2024-11-20 03:11:32'),
(372, 'walter scott', 'Escocesa', '2024-11-20 03:11:32', '2024-11-20 03:11:32'),
(373, 'washington irving', 'Estadounidense', '2024-11-20 03:11:32', '2024-11-20 03:11:32'),
(374, 'wilbur smith', 'Sudafricana', '2024-11-20 03:11:32', '2024-11-20 03:11:32'),
(375, 'william m. thackeray', 'Británica', '2024-11-20 03:11:32', '2024-11-20 03:11:32'),
(376, 'william shakespeare', 'Británica', '2024-11-20 03:11:32', '2024-11-20 03:11:32'),
(377, 'william tenn', 'Estadounidense', '2024-11-20 03:11:32', '2024-11-20 03:11:32'),
(378, 'yolanda reyes', 'Colombiana', '2024-11-20 03:11:32', '2024-11-20 03:11:32'),
(379, 'zig ziglar', 'Estadounidense', '2024-11-20 03:11:32', '2024-11-20 03:11:32'),
(380, 'óscar wilde', 'Irlandesa', '2024-11-20 03:11:32', '2024-11-20 03:11:32'),
(381, 'alberto sayán de videurre', 'Peruana', '2024-11-20 03:11:32', '2024-11-20 03:11:32'),
(382, 'alfonso albalá', 'Española', '2024-11-20 03:11:32', '2024-11-20 03:11:32'),
(383, 'andrés benítez', 'Chilena', '2024-11-20 03:11:32', '2024-11-20 03:11:32'),
(384, 'anónimo', 'Desconocida', '2024-11-20 03:11:32', '2024-11-20 03:11:32'),
(385, 'berta aguirre vigouroux', 'Chilena', '2024-11-20 03:11:32', '2024-11-20 03:11:32'),
(386, 'betty rojas manriquez', 'Chilena', '2024-11-20 03:11:32', '2024-11-20 03:11:32'),
(387, 'biblioteca ubasica universal', 'Institución', '2024-11-20 03:11:32', '2024-11-20 03:11:32'),
(388, 'canonigo boyer', 'Francesa', '2024-11-20 03:11:32', '2024-11-20 03:11:32'),
(389, 'carlos naudon', 'Chilena', '2024-11-20 03:11:32', '2024-11-20 03:11:32'),
(390, 'charles c. harrison', 'Estadounidense', '2024-11-20 03:11:32', '2024-11-20 03:11:32'),
(391, 'coedicion latinoamericana', 'Institución', '2024-11-20 03:11:32', '2024-11-20 03:11:32'),
(392, 'coleccion antologia', 'Institución', '2024-11-20 03:11:32', '2024-11-20 03:11:32'),
(393, 'daniel hammerly dupuy', 'Argentina', '2024-11-20 03:11:32', '2024-11-20 03:11:32'),
(394, 'don pampa viejo', 'Chilena', '2024-11-20 03:11:32', '2024-11-20 03:11:32'),
(395, 'dr. hussein moones', 'Egipcia', '2024-11-20 03:11:32', '2024-11-20 03:11:32'),
(396, 'dra. leonor d. campbell', 'Estadounidense', '2024-11-20 03:11:32', '2024-11-20 03:11:32'),
(397, 'elisa de paut', 'Francesa', '2024-11-20 03:11:32', '2024-11-20 03:11:32'),
(398, 'ema cabar kuncar', 'Chilena', '2024-11-20 03:11:32', '2024-11-20 03:11:32'),
(399, 'enid blyton', 'Británica', '2024-11-20 03:11:32', '2024-11-20 03:11:32'),
(400, 'enriqueta beecher', 'Estadounidense', '2024-11-20 03:11:32', '2024-11-20 03:11:32'),
(401, 'enriqueta flores', 'Chilena', '2024-11-20 03:11:32', '2024-11-20 03:11:32'),
(402, 'enriqueta flores arredondo', 'Chilena', '2024-11-20 03:11:32', '2024-11-20 03:11:32'),
(403, 'escuela tipografica selesiana', 'Institución', '2024-11-20 03:11:32', '2024-11-20 03:11:32'),
(404, 'evelyne', 'Desconocida', '2024-11-20 03:11:32', '2024-11-20 03:11:32'),
(405, 'f. charmot s.j', 'Francesa', '2024-11-20 03:11:32', '2024-11-20 03:11:32'),
(406, 'felipe allende', 'Chilena', '2024-11-20 03:11:32', '2024-11-20 03:11:32'),
(407, 'felipe sepúlveda y manuel pereira', 'Chilena', '2024-11-20 03:11:32', '2024-11-20 03:11:32'),
(408, 'fernando ruz trujillo', 'Chilena', '2024-11-20 03:11:32', '2024-11-20 03:11:32'),
(409, 'fernando vargas bello', 'Chilena', '2024-11-20 03:11:32', '2024-11-20 03:11:32'),
(410, 'florido perez', 'Española', '2024-11-20 03:11:32', '2024-11-20 03:11:32'),
(411, 'foundation books s.a', 'Desconosida', '2024-11-20 03:11:32', '2024-11-20 03:11:32'),
(412, 'frank mcfair', 'Estadounidense', '2024-11-20 03:11:32', '2024-11-20 03:11:32'),
(413, 'frederic benham', 'Británica', '2024-11-20 03:11:32', '2024-11-20 03:11:32'),
(414, 'gerard conlon', 'Irlandesa', '2024-11-20 03:11:32', '2024-11-20 03:11:32'),
(415, 'gerardo castillo', 'Española', '2024-11-20 03:11:32', '2024-11-20 03:11:32'),
(416, 'h. c. andersen', 'Danesa', '2024-11-20 03:11:32', '2024-11-20 03:11:32'),
(417, 'h. j. forman', 'Británica', '2024-11-20 03:11:32', '2024-11-20 03:11:32'),
(418, 'h.g. wells', 'Británica', '2024-11-20 03:11:32', '2024-11-20 03:11:32'),
(419, 'henri troyat', 'Francesa', '2024-11-20 03:11:32', '2024-11-20 03:11:32'),
(420, 'henry carstairs', 'Británica', '2024-11-20 03:11:32', '2024-11-20 03:11:32'),
(421, 'henry w. longfellow', 'Estadounidense', '2024-11-20 03:11:32', '2024-11-20 03:11:32'),
(422, 'herbert childs', 'Estadounidense', '2024-11-20 03:11:32', '2024-11-20 03:11:32'),
(423, 'herbert g. wells', 'Británica', '2024-11-20 03:11:32', '2024-11-20 03:11:32'),
(424, 'hernan rivera letelier', 'Chilena', '2024-11-20 03:11:32', '2024-11-20 03:11:32'),
(425, 'herny r. haggard', 'Británica', '2024-11-20 03:11:32', '2024-11-20 03:11:32'),
(426, 'hillary waugh', 'Estadounidense', '2024-11-20 03:11:32', '2024-11-20 03:11:32'),
(427, 'hugo montes - julio orlandi', 'Chilena', '2024-11-20 03:11:32', '2024-11-20 03:11:32'),
(428, 'hugo silva', 'Chilena', '2024-11-20 03:11:32', '2024-11-20 03:11:32'),
(429, 'héctor hidalgo', 'Chilena', '2024-11-20 03:11:32', '2024-11-20 03:11:32'),
(430, 'ilse m. de brugger', 'Argentina', '2024-11-20 03:11:32', '2024-11-20 03:11:32'),
(431, 'ines dolz henry', 'Chilena', '2024-11-20 03:11:32', '2024-11-20 03:11:32'),
(432, 'jacques r. pecheral', 'Francesa', '2024-11-20 03:11:32', '2024-11-20 03:11:32'),
(433, 'john le carre', 'Británica', '2024-11-20 03:11:32', '2024-11-20 03:11:32'),
(434, 'jonathan black', 'Británica', '2024-11-20 03:11:32', '2024-11-20 03:11:32'),
(435, 'jorge sotelo aguilar', 'Peruana', '2024-11-20 03:11:32', '2024-11-20 03:11:32'),
(436, 'jose espillmann', 'Alemana', '2024-11-20 03:11:32', '2024-11-20 03:11:32'),
(437, 'juan charlin', 'Chilena', '2024-11-20 03:11:32', '2024-11-20 03:11:32'),
(438, 'juan luis fuentes', 'Chilena', '2024-11-20 03:11:32', '2024-11-20 03:11:32'),
(439, 'lauro palma', 'Chilena', '2024-11-20 03:11:32', '2024-11-20 03:11:32'),
(440, 'lewis e. losoney', 'Estadounidense', '2024-11-20 03:11:32', '2024-11-20 03:11:32'),
(441, 'lucia corty', 'Italiana', '2024-11-20 03:11:32', '2024-11-20 03:11:32'),
(442, 'm. lerme-walter', 'Francesa', '2024-11-20 03:11:32', '2024-11-20 03:11:32'),
(443, 'manuel peña m.', 'Chilena', '2024-11-20 03:11:32', '2024-11-20 03:11:32'),
(444, 'maria cristina giambelluca de morales', 'Argentina', '2024-11-20 03:11:32', '2024-11-20 03:11:32'),
(445, 'marison', 'Desconocida', '2024-11-20 03:11:32', '2024-11-20 03:11:32'),
(446, 'milan platovsky stein', 'Checa', '2024-11-20 03:11:32', '2024-11-20 03:11:32'),
(447, 'morris wet', 'Británica', '2024-11-20 03:11:32', '2024-11-20 03:11:32'),
(448, 'norbert sütsch', 'Alemana', '2024-11-20 03:11:32', '2024-11-20 03:11:32'),
(449, 'p. m. blau', 'Estadounidense', '2024-11-20 03:11:32', '2024-11-20 03:11:32'),
(450, 'patricio lago yañez', 'Chilena', '2024-11-20 03:11:32', '2024-11-20 03:11:32'),
(451, 'pedro miras', 'Española', '2024-11-20 03:11:32', '2024-11-20 03:11:32'),
(452, 'plaza & janes s.a', 'Española', '2024-11-20 03:11:32', '2024-11-20 03:11:32'),
(453, 'raymond l. bruckberg', 'Estadounidense', '2024-11-20 03:11:32', '2024-11-20 03:11:32'),
(454, 'roberto lazo', 'Chilena', '2024-11-20 03:11:32', '2024-11-20 03:11:32'),
(455, 'roberto otaegui', 'Chilena', '2024-11-20 03:11:32', '2024-11-20 03:11:32'),
(456, 'rocío de terán', 'Española', '2024-11-20 03:11:32', '2024-11-20 03:11:32'),
(457, 'silvana concha', 'Chilena', '2024-11-20 03:11:32', '2024-11-20 03:11:32'),
(458, 'simeon georges', 'Francesa', '2024-11-20 03:11:32', '2024-11-20 03:11:32'),
(459, 'stefan wilfert y chris mewes', 'Alemana', '2024-11-20 03:11:32', '2024-11-20 03:11:32'),
(460, 'talleres graficos universidad tecnica del estado', 'Chilena', '2024-11-20 03:11:32', '2024-11-20 03:11:32'),
(461, 'tana gámez', 'Española', '2024-11-20 03:11:32', '2024-11-20 03:11:32'),
(462, 'universidad catolica cardenal raul silva henriquez', 'Chilena', '2024-11-20 03:11:32', '2024-11-20 03:11:32'),
(463, 'varios', 'Desconocida', '2024-11-20 03:11:32', '2024-11-20 03:11:32'),
(464, 'virginia cruzat', 'Chilena', '2024-11-20 03:11:32', '2024-11-20 03:11:32'),
(465, 'wynant davis hubbard', 'Estadounidense', '2024-11-20 03:11:32', '2024-11-20 03:11:32'),
(466, 'óscar olavarría sanhueza', 'Chilena', '2024-11-20 03:11:32', '2024-11-20 03:11:32'),
(467, 'Desconocido', 'Desconocido', '2024-11-20 03:00:00', '2024-11-20 03:00:00');

-- --------------------------------------------------------

--
-- Estructura de tabla para la tabla `categorias`
--

CREATE TABLE `categorias` (
  `id` bigint(20) UNSIGNED NOT NULL,
  `nombre` varchar(255) NOT NULL,
  `created_at` timestamp NULL DEFAULT NULL,
  `updated_at` timestamp NULL DEFAULT NULL
) ENGINE=InnoDB DEFAULT CHARSET=utf8mb4 COLLATE=utf8mb4_unicode_ci;

--
-- Volcado de datos para la tabla `categorias`
--

INSERT INTO `categorias` (`id`, `nombre`, `created_at`, `updated_at`) VALUES
(1, 'Literatura de ficción', '2024-11-20 03:11:32', '2024-11-20 03:11:32'),
(2, 'Literatura de no ficción', '2024-11-20 03:11:32', '2024-11-20 03:11:32'),
(3, 'Ciencias sociales', '2024-11-20 03:11:32', '2024-11-20 03:11:32'),
(4, 'Filosofía y religión', '2024-11-20 03:11:32', '2024-11-20 03:11:32'),
(5, 'Educación', '2024-11-20 03:11:32', '2024-11-20 03:11:32'),
(6, 'Historia', '2024-11-20 03:11:32', '2024-11-20 03:11:32'),
(7, 'Arte', '2024-11-20 03:11:32', '2024-11-20 03:11:32');

-- --------------------------------------------------------

--
-- Estructura de tabla para la tabla `editoriales`
--

CREATE TABLE `editoriales` (
  `id` bigint(20) UNSIGNED NOT NULL,
  `nombre` varchar(255) NOT NULL,
  `pais` varchar(255) DEFAULT NULL,
  `created_at` timestamp NULL DEFAULT NULL,
  `updated_at` timestamp NULL DEFAULT NULL
) ENGINE=InnoDB DEFAULT CHARSET=utf8mb4 COLLATE=utf8mb4_unicode_ci;

--
-- Volcado de datos para la tabla `editoriales`
--

INSERT INTO `editoriales` (`id`, `nombre`, `pais`, `created_at`, `updated_at`) VALUES
(1, 'Emecé Editores', 'Argentina', '2024-11-20 03:11:32', '2024-11-20 03:11:32'),
(2, 'Molino', 'España', '2024-11-20 03:11:32', '2024-11-20 03:11:32'),
(3, 'Planeta', 'España', '2024-11-20 03:11:32', '2024-11-20 03:11:32'),
(4, 'Luis de Caralt', 'España', '2024-11-20 03:11:32', '2024-11-20 03:11:32'),
(5, 'Peuser', 'Argentina', '2024-11-20 03:11:32', '2024-11-20 03:11:32'),
(6, 'Los Andes', 'Argentina', '2024-11-20 03:11:32', '2024-11-20 03:11:32'),
(7, 'Bruguera', 'España', '2024-11-20 03:11:32', '2024-11-20 03:11:32'),
(8, 'Imprenta Universitaria', 'Argentina', '2024-11-20 03:11:32', '2024-11-20 03:11:32'),
(9, 'Universitaria', 'Chile', '2024-11-20 03:11:32', '2024-11-20 03:11:32'),
(11, 'Santiago Rueda', 'Argentina', '2024-11-20 03:11:32', '2024-11-20 03:11:32'),
(12, 'Editorial Paidós', 'Argentina', '2024-11-20 03:11:32', '2024-11-20 03:11:32'),
(13, 'Salesiana de Textos Escolares', 'Argentina', '2024-11-20 03:11:32', '2024-11-20 03:11:32'),
(14, 'Tor', 'Argentina', '2024-11-20 03:11:32', '2024-11-20 03:11:32'),
(15, 'De Pacífico', 'Chile', '2024-11-20 03:11:32', '2024-11-20 03:11:32'),
(17, 'Librería de la Viuda de Ch. Bouret', 'México', '2024-11-20 03:11:32', '2024-11-20 03:11:32'),
(18, 'Destino S.L', 'España', '2024-11-20 03:11:32', '2024-11-20 03:11:32'),
(19, 'Unión Nacional y Democrática Interamericana', 'Desconocido', '2024-11-20 03:11:32', '2024-11-20 03:11:32'),
(20, 'Warner Books Edition', 'Estados Unidos', '2024-11-20 03:11:32', '2024-11-20 03:11:32'),
(21, 'Letras', 'Desconocido', '2024-11-20 03:11:32', '2024-11-20 03:11:32'),
(22, 'Oveja Negra', 'Colombia', '2024-11-20 03:11:32', '2024-11-20 03:11:32'),
(23, 'Grijalbo', 'México', '2024-11-20 03:11:32', '2024-11-20 03:11:32'),
(24, 'Casa Editora Sudamericana', 'Argentina', '2024-11-20 03:11:32', '2024-11-20 03:11:32'),
(25, 'Nascimento', 'Chile', '2024-11-20 03:11:32', '2024-11-20 03:11:32'),
(26, 'Losada', 'Argentina', '2024-11-20 03:11:32', '2024-11-20 03:11:32'),
(27, 'Talleres Gráficos Corporación Ltda.', 'Chile', '2024-11-20 03:11:32', '2024-11-20 03:11:32'),
(28, 'Carlos Lohle', 'Argentina', '2024-11-20 03:11:32', '2024-11-20 03:11:32'),
(29, 'Juventud', 'España', '2024-11-20 03:11:32', '2024-11-20 03:11:32'),
(30, 'Andrés Bello', 'Chile', '2024-11-20 03:11:32', '2024-11-20 03:11:32'),
(31, 'Cerro Santa Lucía', 'Chile', '2024-11-20 03:11:32', '2024-11-20 03:11:32'),
(32, 'Siglo Veinte', 'Argentina', '2024-11-20 03:11:32', '2024-11-20 03:11:32'),
(33, 'Mauro', 'Chile', '2024-11-20 03:11:32', '2024-11-20 03:11:32'),
(34, 'SM', 'España', '2024-11-20 03:11:32', '2024-11-20 03:11:32'),
(35, 'Saturnino Calleja', 'España', '2024-11-20 03:11:32', '2024-11-20 03:11:32'),
(36, 'Ercilla', 'Chile', '2024-11-20 03:11:32', '2024-11-20 03:11:32'),
(37, 'Acervo', 'Brasil', '2024-11-20 03:11:32', '2024-11-20 03:11:32'),
(38, 'Martínez Roca', 'España', '2024-11-20 03:11:32', '2024-11-20 03:11:32'),
(39, 'Guillermo Kraft Limitada', 'Argentina', '2024-11-20 03:11:32', '2024-11-20 03:11:32'),
(40, 'Empresa Ercilla', 'Chile', '2024-11-20 03:11:32', '2024-11-20 03:11:32'),
(41, 'Fondo de Cultura Económica', 'México', '2024-11-20 03:11:32', '2024-11-20 03:11:32'),
(42, 'Aguilar', 'España', '2024-11-20 03:11:32', '2024-11-20 03:11:32'),
(43, 'Universidad Católica Cardenal Raúl Silva Henríquez', 'Chile', '2024-11-20 03:11:32', '2024-11-20 03:11:32'),
(44, 'Atlántida', 'Argentina', '2024-11-20 03:11:32', '2024-11-20 03:11:32'),
(45, 'Debate', 'España', '2024-11-20 03:11:32', '2024-11-20 03:11:32'),
(46, 'La Tercera', 'Chile', '2024-11-20 03:11:32', '2024-11-20 03:11:32'),
(47, 'Sopena Argentina', 'Argentina', '2024-11-20 03:11:32', '2024-11-20 03:11:32'),
(48, 'Guillermo Kraft', 'Argentina', '2024-11-20 03:11:32', '2024-11-20 03:11:32'),
(49, 'Epesa', 'España', '2024-11-20 03:11:32', '2024-11-20 03:11:32'),
(50, 'Oveja Negra', 'Colombia', '2024-11-20 03:11:32', '2024-11-20 03:11:32'),
(51, 'Javiera Vergara Editor', 'Chile', '2024-11-20 03:11:32', '2024-11-20 03:11:32'),
(52, 'Taurus', 'España', '2024-11-20 03:11:32', '2024-11-20 03:11:32'),
(53, 'Compañía General Fabril', 'Argentina', '2024-11-20 03:11:32', '2024-11-20 03:11:32'),
(54, 'Pomaire', 'Chile', '2024-11-20 03:11:32', '2024-11-20 03:11:32'),
(55, 'Orbe', 'Argentina', '2024-11-20 03:11:32', '2024-11-20 03:11:32'),
(56, 'Androvar', 'Desconocido', '2024-11-20 03:11:32', '2024-11-20 03:11:32'),
(57, 'Instituto Profesional de Estudios Superiores Blas Cañas', 'Chile', '2024-11-20 03:11:32', '2024-11-20 03:11:32'),
(58, 'Plaza & Janés', 'España', '2024-11-20 03:11:32', '2024-11-20 03:11:32'),
(59, 'Gahe', 'Desconocido', '2024-11-20 03:11:32', '2024-11-20 03:11:32'),
(60, 'Libro Expres', 'Desconocido', '2024-11-20 03:11:32', '2024-11-20 03:11:32'),
(61, 'Víctor Leru S.R.L', 'Argentina', '2024-11-20 03:11:32', '2024-11-20 03:11:32'),
(62, 'Hispano Americano', 'México', '2024-11-20 03:11:32', '2024-11-20 03:11:32'),
(63, 'Zig Zag', 'Chile', '2024-11-20 03:11:32', '2024-11-20 03:11:32'),
(64, 'Colicheuque Ltda.', 'Chile', '2024-11-20 03:11:32', '2024-11-20 03:11:32'),
(65, 'Empresa Editora Araucanía Ltda.', 'Chile', '2024-11-20 03:11:32', '2024-11-20 03:11:32'),
(66, 'Urano', 'España', '2024-11-20 03:11:32', '2024-11-20 03:11:32'),
(67, 'Espasa Calpe', 'España', '2024-11-20 03:11:32', '2024-11-20 03:11:32'),
(68, 'Javier Vergara Editor', 'Argentina', '2024-11-20 03:11:32', '2024-11-20 03:11:32'),
(69, 'Hermes', 'Desconocido', '2024-11-20 03:11:32', '2024-11-20 03:11:32'),
(70, 'Lautaro', 'Argentina', '2024-11-20 03:11:32', '2024-11-20 03:11:32'),
(71, 'Nueva Universidad', 'Argentina', '2024-11-20 03:11:32', '2024-11-20 03:11:32'),
(72, 'Universidad Católica Cardenal Raúl Silva Henríquez', 'Chile', '2024-11-20 03:11:32', '2024-11-20 03:11:32'),
(73, 'Grupo Norma', 'Colombia', '2024-11-20 03:11:32', '2024-11-20 03:11:32'),
(74, 'Francisco de Aguirre', 'Argentina', '2024-11-20 03:11:32', '2024-11-20 03:11:32'),
(75, 'Sociedad de Educación Atenas', 'Cuba', '2024-11-20 03:11:32', '2024-11-20 03:11:32'),
(76, 'Constancia', 'España', '2024-11-20 03:11:32', '2024-11-20 03:11:32'),
(77, 'Mateu', 'España', '2024-11-20 03:11:32', '2024-11-20 03:11:32'),
(78, 'Compañía General Fabril Editora', 'Argentina', '2024-11-20 03:11:32', '2024-11-20 03:11:32'),
(79, 'Heinemann Educational Books', 'Reino Unido', '2024-11-20 03:11:32', '2024-11-20 03:11:32'),
(80, 'Fawcett Crest', 'Estados Unidos', '2024-11-20 03:11:32', '2024-11-20 03:11:32'),
(81, 'Orbis', 'España', '2024-11-20 03:11:32', '2024-11-20 03:11:32'),
(82, 'La Isla', 'Desconocido', '2024-11-20 03:11:32', '2024-11-20 03:11:32'),
(83, 'Flammarion', 'Francia', '2024-11-20 03:11:32', '2024-11-20 03:11:32'),
(84, 'Caos', 'Desconocido', '2024-11-20 03:11:32', '2024-11-20 03:11:32'),
(85, 'Potosí', 'Bolivia', '2024-11-20 03:11:32', '2024-11-20 03:11:32'),
(86, 'Pumanque', 'Chile', '2024-11-20 03:11:32', '2024-11-20 03:11:32'),
(87, 'Edicon', 'Argentina', '2024-11-20 03:11:32', '2024-11-20 03:11:32'),
(88, 'Agustinianas', 'España', '2024-11-20 03:11:32', '2024-11-20 03:11:32'),
(89, 'Colicheuque', 'Chile', '2024-11-20 03:11:32', '2024-11-20 03:11:32'),
(90, 'Sociedad Editora Revista Vea', 'Chile', '2024-11-20 03:11:32', '2024-11-20 03:11:32'),
(91, 'Planeta Chilena', 'Chile', '2024-11-20 03:11:32', '2024-11-20 03:11:32'),
(92, 'Rodas', 'México', '2024-11-20 03:11:32', '2024-11-20 03:11:32'),
(93, 'Salamandra', 'España', '2024-11-20 03:11:32', '2024-11-20 03:11:32'),
(94, 'Minotauro', 'Argentina', '2024-11-20 03:11:32', '2024-11-20 03:11:32'),
(95, 'Portada', 'Chile', '2024-11-20 03:11:32', '2024-11-20 03:11:32'),
(96, 'Desconocida', 'Desconocido', '2024-11-20 03:11:32', '2024-11-20 03:11:32'),
(97, 'Don Bosco', 'Italia', '2024-11-20 03:11:32', '2024-11-20 03:11:32'),
(98, 'Bell', 'Desconocido', '2024-11-20 03:11:32', '2024-11-20 03:11:32'),
(99, 'Compañía General de Ediciones S.A', 'México', '2024-11-20 03:11:32', '2024-11-20 03:11:32'),
(100, 'Difusión', 'España', '2024-11-20 03:11:32', '2024-11-20 03:11:32'),
(101, 'Paulinas', 'Italia', '2024-11-20 03:11:32', '2024-11-20 03:11:32'),
(102, 'Editora Jurídica Manuel Montt', 'Chile', '2024-11-20 03:11:32', '2024-11-20 03:11:32'),
(103, 'Occidentes', 'España', '2024-11-20 03:11:32', '2024-11-20 03:11:32'),
(104, 'Malú Sierra', 'Chile', '2024-11-20 03:11:32', '2024-11-20 03:11:32'),
(105, 'Colicheuque Ltda.', 'Chile', '2024-11-20 03:11:32', '2024-11-20 03:11:32'),
(106, 'Cal y Canto', 'Chile', '2024-11-20 03:11:32', '2024-11-20 03:11:32'),
(107, 'La Nación', 'Argentina', '2024-11-20 03:11:32', '2024-11-20 03:11:32'),
(108, 'Espasa Calpe', 'España', '2024-11-20 03:11:32', '2024-11-20 03:11:32'),
(109, 'Pehuén', 'Chile', '2024-11-20 03:11:32', '2024-11-20 03:11:32'),
(110, 'Altea', 'España', '2024-11-20 03:11:32', '2024-11-20 03:11:32'),
(111, 'Obelisco', 'España', '2024-11-20 03:11:32', '2024-11-20 03:11:32'),
(112, 'Centro Gráfico', 'Desconocido', '2024-11-20 03:11:32', '2024-11-20 03:11:32'),
(113, 'ES Independientes', 'Desconocido', '2024-11-20 03:11:32', '2024-11-20 03:11:32'),
(114, 'Gobierno de Chile', 'Chile', '2024-11-20 03:11:32', '2024-11-20 03:11:32'),
(115, 'De Lafourcade', 'Chile', '2024-11-20 03:11:32', '2024-11-20 03:11:32'),
(116, 'Mediterráneo', 'Chile', '2024-11-20 03:11:32', '2024-11-20 03:11:32'),
(117, 'Hispano América S.A.', 'Argentina', '2024-11-20 03:11:32', '2024-11-20 03:11:32'),
(118, 'Editions Garnier Frères', 'Francia', '2024-11-20 03:11:32', '2024-11-20 03:11:32'),
(119, 'Occidente', 'España', '2024-11-20 03:11:32', '2024-11-20 03:11:32'),
(120, 'Reberg', 'España', '2024-11-20 03:11:32', '2024-11-20 03:11:32'),
(121, 'Nascimento', 'Chile', '2024-11-20 03:11:32', '2024-11-20 03:11:32'),
(122, 'Edhasa', 'Argentina', '2024-11-20 03:11:32', '2024-11-20 03:11:32'),
(123, 'Universales Bogotá', 'Colombia', '2024-11-20 03:11:32', '2024-11-20 03:11:32'),
(124, 'Everest', 'España', '2024-11-20 03:11:32', '2024-11-20 03:11:32'),
(125, 'Cerro Huelen', 'Chile', '2024-11-20 03:11:32', '2024-11-20 03:11:32'),
(126, 'El Ateneo', 'Argentina', '2024-11-20 03:11:32', '2024-11-20 03:11:32'),
(127, 'Tusquets Editores', 'España', '2024-11-20 03:11:32', '2024-11-20 03:11:32'),
(128, 'Ceres', 'Brasil', '2024-11-20 03:11:32', '2024-11-20 03:11:32'),
(129, 'Mar del Sur', 'Argentina', '2024-11-20 03:11:32', '2024-11-20 03:11:32'),
(130, 'Pehuén Editores', 'Chile', '2024-11-20 03:11:32', '2024-11-20 03:11:32'),
(131, 'Peisa C', 'Perú', '2024-11-20 03:11:32', '2024-11-20 03:11:32'),
(132, 'Granada', 'España', '2024-11-20 03:11:32', '2024-11-20 03:11:32'),
(133, 'Mesie Ltda.', 'Desconocido', '2024-11-20 03:11:32', '2024-11-20 03:11:32'),
(134, 'Akal Editor', 'España', '2024-11-20 03:11:32', '2024-11-20 03:11:32'),
(135, 'Diana', 'México', '2024-11-20 03:11:32', '2024-11-20 03:11:32'),
(136, 'Temas de Hoy', 'España', '2024-11-20 03:11:32', '2024-11-20 03:11:32'),
(137, 'Talleres Gráficos Universidad Técnica del Estado', 'Chile', '2024-11-20 03:11:32', '2024-11-20 03:11:32'),
(138, 'Siena', 'España', '2024-11-20 03:11:32', '2024-11-20 03:11:32'),
(139, 'República', 'España', '2024-11-20 03:11:32', '2024-11-20 03:11:32'),
(140, 'New American Library', 'Estados Unidos', '2024-11-20 03:11:32', '2024-11-20 03:11:32'),
(141, 'Sudamericana', 'Argentina', '2024-11-20 03:11:32', '2024-11-20 03:11:32'),
(142, 'Jackson', 'Reino Unido', '2024-11-20 03:11:32', '2024-11-20 03:11:32'),
(143, 'F.T.D.', 'Brasil', '2024-11-20 03:11:32', '2024-11-20 03:11:32'),
(144, 'G.P. Barcelona', 'España', '2024-11-20 03:11:32', '2024-11-20 03:11:32'),
(145, 'Felicidad', 'Desconocido', '2024-11-20 03:11:32', '2024-11-20 03:11:32'),
(146, 'La Nave', 'Argentina', '2024-11-20 03:11:32', '2024-11-20 03:11:32'),
(147, 'Paidós', 'Argentina', '2024-11-20 03:11:32', '2024-11-20 03:11:32'),
(148, 'K Red Ginseng', 'Desconocido', '2024-11-20 03:11:32', '2024-11-20 03:11:32'),
(149, 'Jurídica de Chile', 'Chile', '2024-11-20 03:11:32', '2024-11-20 03:11:32'),
(150, 'Ramón Sopena', 'España', '2024-11-20 03:11:32', '2024-11-20 03:11:32'),
(151, 'Fondo de Cultura Económica', 'México', '2024-11-20 03:11:32', '2024-11-20 03:11:32'),
(152, 'Longman', 'Reino Unido', '2024-11-20 03:11:32', '2024-11-20 03:11:32'),
(153, 'Collins', 'Reino Unido', '2024-11-20 03:11:32', '2024-11-20 03:11:32'),
(154, 'Alianza', 'España', '2024-11-20 03:11:32', '2024-11-20 03:11:32'),
(155, 'Tor S.R.L.', 'Argentina', '2024-11-20 03:11:32', '2024-11-20 03:11:32'),
(156, 'Ballantine Books', 'Estados Unidos', '2024-11-20 03:11:32', '2024-11-20 03:11:32'),
(157, 'Biblioteca de Oro', 'España', '2024-11-20 03:11:32', '2024-11-20 03:11:32'),
(158, 'Biblioteca Básica Universal', 'Argentina', '2024-11-20 03:11:32', '2024-11-20 03:11:32'),
(159, 'Centro Editor América Latina', 'Argentina', '2024-11-20 03:11:32', '2024-11-20 03:11:32'),
(160, 'Prosa', 'Chile', '2024-11-20 03:11:32', '2024-11-20 03:11:32'),
(161, 'Kapelusz', 'Argentina', '2024-11-20 03:11:32', '2024-11-20 03:11:32'),
(162, 'Sudamérica', 'Argentina', '2024-11-20 03:11:32', '2024-11-20 03:11:32'),
(163, 'Centro Editor de América Latina', 'Argentina', '2024-11-20 03:11:32', '2024-11-20 03:11:32'),
(164, 'Alfaguara', 'España', '2024-11-20 03:11:32', '2024-11-20 03:11:32'),
(165, 'S.M.', 'España', '2024-11-20 03:11:32', '2024-11-20 03:11:32'),
(166, 'Publicaciones Lo Castillo', 'Chile', '2024-11-20 03:11:32', '2024-11-20 03:11:32'),
(167, 'Consorcio Periodístico de Chile (COPESA)', 'Chile', '2024-11-20 03:11:32', '2024-11-20 03:11:32'),
(168, 'Alba Editores', 'España', '2024-11-20 03:11:32', '2024-11-20 03:11:32'),
(169, 'Euroliber', 'España', '2024-11-20 03:11:32', '2024-11-20 03:11:32'),
(170, 'ACES', 'Argentina', '2024-11-20 03:11:32', '2024-11-20 03:11:32'),
(171, 'Acuarianas', 'Desconocido', '2024-11-20 03:11:32', '2024-11-20 03:11:32'),
(172, 'Editora Nacional Gabriela Mistral', 'Chile', '2024-11-20 03:11:32', '2024-11-20 03:11:32'),
(173, 'Espasa Calpe Argentina', 'Argentina', '2024-11-20 03:11:32', '2024-11-20 03:11:32'),
(174, 'Colicheuque Ltda.', 'Chile', '2024-11-20 03:11:32', '2024-11-20 03:11:32'),
(175, 'Andina', 'Perú', '2024-11-20 03:11:32', '2024-11-20 03:11:32'),
(176, 'Seix Barral', 'España', '2024-11-20 03:00:00', '2024-11-20 03:00:00'),
(177, 'Ediciones Dalmau Socias', 'España', '2024-11-20 03:00:00', '2024-11-20 03:00:00'),
(178, 'Ingelek Juvenil', 'Desconocido', '2024-11-20 03:00:00', '2024-11-20 03:00:00'),
(179, 'Ediciones Selecta', 'Argentina', '2024-11-20 03:00:00', '2024-11-20 03:00:00'),
(180, 'Austral', 'España', '2024-11-20 03:00:00', '2024-11-20 03:00:00'),
(181, 'Circulo Literario', 'Chile', '2024-11-20 03:00:00', '2024-11-20 03:00:00'),
(182, 'Pleamar', 'Desconocido', '2024-11-20 03:00:00', '2024-11-20 03:00:00'),
(183, 'El Mercurio', 'Chile', '2024-11-20 03:00:00', '2024-11-20 03:00:00'),
(184, 'Guadarrama', 'España', '2024-11-20 03:00:00', '2024-11-20 03:00:00'),
(185, 'Bibliografía Internacional S.A.', 'Desconocido', '2024-11-20 03:00:00', '2024-11-20 03:00:00');

-- --------------------------------------------------------

--
-- Estructura de tabla para la tabla `generos`
--

CREATE TABLE `generos` (
  `id` bigint(20) UNSIGNED NOT NULL,
  `nombre` varchar(255) NOT NULL,
  `created_at` timestamp NULL DEFAULT NULL,
  `updated_at` timestamp NULL DEFAULT NULL
) ENGINE=InnoDB DEFAULT CHARSET=utf8mb4 COLLATE=utf8mb4_unicode_ci;

--
-- Volcado de datos para la tabla `generos`
--

INSERT INTO `generos` (`id`, `nombre`, `created_at`, `updated_at`) VALUES
(1, 'Novela', '2024-11-20 03:11:32', '2024-11-20 03:11:32'),
(2, 'Novela histórica', '2024-11-20 03:11:32', '2024-11-20 03:11:32'),
(3, 'Novela romántica', '2024-11-20 03:11:32', '2024-11-20 03:11:32'),
(4, 'Novela filosófica', '2024-11-20 03:11:32', '2024-11-20 03:11:32'),
(5, 'Novela de aventuras', '2024-11-20 03:11:32', '2024-11-20 03:11:32'),
(6, 'Novela de misterio', '2024-11-20 03:11:32', '2024-11-20 03:11:32'),
(7, 'Novela distópica', '2024-11-20 03:11:32', '2024-11-20 03:11:32'),
(8, 'Novela experimental', '2024-11-20 03:11:32', '2024-11-20 03:11:32'),
(9, 'Novela corta', '2024-11-20 03:11:32', '2024-11-20 03:11:32'),
(10, 'Novela de suspense', '2024-11-20 03:11:32', '2024-11-20 03:11:32'),
(11, 'Novela de ciencia ficción', '2024-11-20 03:11:32', '2024-11-20 03:11:32'),
(12, 'Novela social', '2024-11-20 03:11:32', '2024-11-20 03:11:32'),
(13, 'Teatro clásico', '2024-11-20 03:11:32', '2024-11-20 03:11:32'),
(14, 'Teatro trágico', '2024-11-20 03:11:32', '2024-11-20 03:11:32'),
(15, 'Literatura infantil', '2024-11-20 03:11:32', '2024-11-20 03:11:32'),
(16, 'Literatura juvenil', '2024-11-20 03:11:32', '2024-11-20 03:11:32'),
(17, 'Cuentos', '2024-11-20 03:11:32', '2024-11-20 03:11:32'),
(18, 'Cuentos folclóricos', '2024-11-20 03:11:32', '2024-11-20 03:11:32'),
(19, 'Relato', '2024-11-20 03:11:32', '2024-11-20 03:11:32'),
(20, 'Relatos humorísticos', '2024-11-20 03:11:32', '2024-11-20 03:11:32'),
(21, 'Adaptaciones', '2024-11-20 03:11:32', '2024-11-20 03:11:32'),
(22, 'Épica clásica', '2024-11-20 03:11:32', '2024-11-20 03:11:32'),
(23, 'Épica moderna', '2024-11-20 03:11:32', '2024-11-20 03:11:32'),
(24, 'Poesía', '2024-11-20 03:11:32', '2024-11-20 03:11:32'),
(25, 'Poesía épica', '2024-11-20 03:11:32', '2024-11-20 03:11:32'),
(26, 'Poesía religiosa', '2024-11-20 03:11:32', '2024-11-20 03:11:32'),
(27, 'Diario', '2024-11-20 03:11:32', '2024-11-20 03:11:32'),
(28, 'Memorias', '2024-11-20 03:11:32', '2024-11-20 03:11:32'),
(29, 'Ensayo', '2024-11-20 03:11:32', '2024-11-20 03:11:32'),
(30, 'Ensayo político', '2024-11-20 03:11:32', '2024-11-20 03:11:32'),
(31, 'Ensayo literario', '2024-11-20 03:11:32', '2024-11-20 03:11:32'),
(32, 'Ensayo educativo', '2024-11-20 03:11:32', '2024-11-20 03:11:32'),
(33, 'Arte', '2024-11-20 03:11:32', '2024-11-20 03:11:32'),
(34, 'Biografía', '2024-11-20 03:11:32', '2024-11-20 03:11:32'),
(35, 'Fábulas', '2024-11-20 03:11:32', '2024-11-20 03:11:32'),
(36, 'Crítica literaria', '2024-11-20 03:11:32', '2024-11-20 03:11:32'),
(37, 'Filosofia', '2024-11-20 03:00:00', '2024-11-20 03:00:00'),
(38, 'Ficción social', '2024-11-20 03:00:00', '2024-11-20 03:00:00'),
(39, 'Ficción satírica', '2024-11-20 03:00:00', '2024-11-20 03:00:00'),
(40, 'Derecho', '2024-11-20 03:00:00', '2024-11-20 03:00:00'),
(41, 'Salud y bienestar', '2024-11-20 03:00:00', '2024-11-20 03:00:00'),
(42, 'Psicología', '2024-11-20 03:00:00', '2024-11-20 03:00:00'),
(43, 'Sociología', '2024-11-20 03:00:00', '2024-11-20 03:00:00'),
(44, 'Educación', '2024-11-20 03:00:00', '2024-11-20 03:00:00'),
(45, 'Historia', '2024-11-20 03:00:00', '2024-11-20 03:00:00'),
(46, 'Revista', '2024-11-20 03:00:00', '2024-11-20 03:00:00'),
(47, 'Espiritualidad', '2024-11-20 03:00:00', '2024-11-20 03:00:00'),
(48, 'Autoayuda', '2024-11-20 03:00:00', '2024-11-20 03:00:00'),
(49, 'Religión', '2024-11-20 03:00:00', '2024-11-20 03:00:00'),
(50, 'Investigación periodística', '2024-11-20 03:00:00', '2024-11-20 03:00:00'),
(51, 'Cuentos medievales', '2024-11-20 03:00:00', '2024-11-20 03:00:00'),
(52, 'Psicoanálisis', '2024-11-20 03:00:00', '2024-11-20 03:00:00'),
(53, 'Leyendas', '2024-11-20 03:00:00', '2024-11-20 03:00:00'),
(54, 'Cuentos infantiles', '2024-11-20 03:00:00', '2024-11-20 03:00:00'),
(55, 'Enciclopedia', '2024-11-20 03:00:00', '2024-11-20 03:00:00'),
(56, 'Folclore', '2024-11-20 03:00:00', '2024-11-20 03:00:00'),
(57, 'Fantasía', '2024-11-20 03:00:00', '2024-11-20 03:00:00'),
(58, 'Educación civica', '2024-11-20 03:00:00', '2024-11-20 03:00:00'),
(59, 'Antologia', '2024-11-20 03:00:00', '2024-11-20 03:00:00'),
(60, 'Comedia', '2024-11-23 11:12:22', '2024-11-23 11:12:22');

-- --------------------------------------------------------

--
-- Estructura de tabla para la tabla `libros`
--

CREATE TABLE `libros` (
  `id` bigint(20) UNSIGNED NOT NULL,
  `titulo` varchar(255) NOT NULL,
  `caratula` varchar(255) DEFAULT NULL,
  `id_autor` bigint(20) UNSIGNED NOT NULL,
  `id_genero` bigint(20) UNSIGNED NOT NULL,
  `id_categoria` bigint(20) UNSIGNED NOT NULL,
  `id_repisa` bigint(20) UNSIGNED NOT NULL,
  `id_editorial` bigint(20) UNSIGNED DEFAULT NULL,
  `disponible` tinyint(1) NOT NULL DEFAULT 1,
  `cantidad` int(11) NOT NULL DEFAULT 1,
  `copias_prestadas` int(11) NOT NULL DEFAULT 0,
  `descripcion` text DEFAULT NULL,
  `created_at` timestamp NULL DEFAULT NULL,
  `updated_at` timestamp NULL DEFAULT NULL
) ENGINE=InnoDB DEFAULT CHARSET=utf8mb4 COLLATE=utf8mb4_unicode_ci;

--
-- Volcado de datos para la tabla `libros`
--

INSERT INTO `libros` (`id`, `titulo`, `caratula`, `id_autor`, `id_genero`, `id_categoria`, `id_repisa`, `id_editorial`, `disponible`, `cantidad`, `copias_prestadas`, `descripcion`, `created_at`, `updated_at`) VALUES
(1, 'Mila 18', 'public_html/book_covers/1.jpg', 250, 2, 1, 1, 1, 0, 1, 0, '\"Mila 18\" es una novela histórica escrita por Leon Uris y publicada por primera vez en 1961. La historia se desarrolla en Varsovia, Polonia, durante la Segunda Guerra Mundial y se centra en el levantamiento del gueto de Varsovia en 1943.', '2024-11-21 03:18:32', '2024-12-14 06:43:51'),
(2, 'Misterio de la ballena secuestrada', NULL, 273, 6, 1, 1, 12, 1, 1, 0, NULL, '2024-11-21 03:18:32', '2024-11-21 03:18:32'),
(3, 'El viejo y mister smith', NULL, 318, 39, 1, 1, 12, 1, 1, 0, NULL, '2024-11-21 03:18:32', '2024-11-21 03:18:32'),
(4, 'Mientras la tierra exista', 'public_html/book_covers/4.jpg', 419, 2, 1, 1, 4, 1, 1, 0, NULL, '2024-11-21 03:18:32', '2024-11-21 03:18:32'),
(5, 'El paje del duque de saboya', 'public_html/book_covers/5.jpg', 10, 2, 1, 1, 12, 0, 1, 1, NULL, '2024-11-21 03:18:32', '2024-11-21 03:18:32'),
(7, 'Hortensia - Paz blanca y noche roja', NULL, 62, 3, 1, 1, 4, 1, 1, 0, NULL, '2024-11-21 03:18:32', '2024-11-21 03:18:32'),
(8, 'Para que no me olvides', 'public_html/book_covers/8.jpg', 275, 9, 1, 1, 12, 1, 1, 0, NULL, '2024-11-21 03:18:32', '2024-11-21 03:18:32'),
(9, 'Petróleo', 'public_html/book_covers/9.jpg', 434, 10, 1, 1, 1, 0, 1, 1, NULL, '2024-11-21 03:18:32', '2024-11-21 03:18:32'),
(10, 'El huerto de mi amada', 'public_html/book_covers/10.jpg', 18, 3, 1, 1, 12, 1, 1, 0, NULL, '2024-11-21 03:18:32', '2024-11-21 03:18:32'),
(11, 'Fachada', 'public_html/book_covers/11.jpg', 217, 10, 1, 1, 12, 1, 1, 0, NULL, '2024-11-21 03:18:32', '2024-11-21 03:18:32'),
(12, 'Venganza irlandesa', 'public_html/book_covers/12.jpg', 412, 10, 1, 1, 12, 1, 1, 0, NULL, '2024-11-21 03:18:32', '2024-11-21 03:18:32'),
(13, 'Los arboles', NULL, 437, 1, 1, 1, 8, 1, 1, 0, NULL, '2024-11-21 03:18:32', '2024-11-21 03:18:32'),
(14, 'Apuntes de derecho administrativo - tomo 1', 'public_html/book_covers/14.jpg', 367, 13, 5, 1, 8, 1, 1, 0, NULL, '2024-11-21 03:18:32', '2024-11-21 03:18:32'),
(15, 'Los mejores cuentos de edisio alvarado', 'public_html/book_covers/15.jpg', 49, 17, 1, 1, 63, 1, 1, 0, NULL, '2024-11-21 03:18:32', '2024-11-21 03:18:32'),
(16, 'Tropicio de capricornio', NULL, 174, 4, 1, 1, 11, 1, 1, 0, NULL, '2024-11-21 03:18:32', '2024-11-21 03:18:32'),
(17, 'La pesadilla', 'public_html/book_covers/17.jpg', 124, 42, 3, 1, 12, 1, 1, 0, NULL, '2024-11-21 03:18:32', '2024-11-21 03:18:32'),
(18, 'Nociones de Biologia', 'public_html/book_covers/18.jpg', 403, 32, 5, 1, 13, 1, 1, 0, NULL, '2024-11-21 03:18:32', '2024-11-21 03:18:32'),
(19, 'Las profecias de nostradamus', 'public_html/book_covers/19.jpg', 417, 31, 4, 1, 12, 1, 1, 0, NULL, '2024-11-21 03:18:32', '2024-11-21 03:18:32'),
(20, 'Historia de la literatura chilena', NULL, 427, 36, 2, 1, 12, 1, 1, 0, NULL, '2024-11-21 03:18:32', '2024-11-21 03:18:32'),
(21, 'Saludo de las Brujas', NULL, 109, 17, 1, 1, 96, 1, 1, 0, NULL, '2024-11-21 03:18:32', '2024-11-21 03:18:32'),
(22, 'La personalidad humana', NULL, 130, 42, 3, 1, 17, 1, 1, 0, NULL, '2024-11-21 03:18:32', '2024-11-21 03:18:32'),
(23, 'La marca', 'public_html/book_covers/23.jpg', 157, 7, 1, 1, 18, 1, 1, 0, NULL, '2024-11-21 03:18:32', '2024-11-21 03:18:32'),
(24, 'De la llamada democracia a la verdadera democracia', 'public_html/book_covers/24.jpg', 381, 30, 3, 1, 19, 1, 1, 0, NULL, '2024-11-21 03:18:32', '2024-11-21 03:18:32'),
(25, 'Black gambit', NULL, 120, 10, 1, 1, 20, 1, 1, 0, NULL, '2024-11-21 03:18:32', '2024-11-21 03:18:32'),
(26, 'La batalla', 'public_html/book_covers/26.jpg', 72, 4, 1, 1, 12, 1, 1, 0, NULL, '2024-11-21 03:18:32', '2024-11-21 03:18:32'),
(27, 'Barry lyndon', NULL, 375, 9, 1, 1, 50, 1, 1, 0, NULL, '2024-11-21 03:18:32', '2024-11-21 03:18:32'),
(28, 'El caballero de los domingos', 'public_html/book_covers/28.jpg', 185, 1, 1, 1, 12, 1, 1, 0, NULL, '2024-11-21 03:18:32', '2024-11-21 03:18:32'),
(29, 'En el umbral de la vida', 'public_html/book_covers/29.jpg', 96, 41, 5, 1, 24, 1, 1, 0, NULL, '2024-11-21 03:18:32', '2024-11-21 03:18:32'),
(30, 'Golondrina de invierno', 'public_html/book_covers/30.jpg', 371, 24, 1, 1, 12, 1, 1, 0, NULL, '2024-11-21 03:18:32', '2024-11-21 03:18:32'),
(31, 'El reposo del guerrero', 'public_html/book_covers/31.jpg', 69, 4, 1, 1, 12, 1, 1, 0, NULL, '2024-11-21 03:18:32', '2024-11-21 03:18:32'),
(32, 'El todo poderoso', 'public_html/book_covers/32.jpg', 185, 10, 1, 1, 12, 1, 1, 0, NULL, '2024-11-21 03:18:32', '2024-11-21 03:18:32'),
(33, 'Amnesia y otros cuentos', 'public_html/book_covers/33.jpg', 29, 17, 1, 1, 27, 1, 1, 0, NULL, '2024-11-21 03:18:32', '2024-11-21 03:18:32'),
(34, 'El canal de suez - Hechos y documentos', NULL, 395, 45, 6, 1, 96, 1, 1, 0, NULL, '2024-11-21 03:18:32', '2024-11-21 03:18:32'),
(35, 'El dacalogo de la salud', 'public_html/book_covers/35.jpg', 396, 41, 5, 1, 24, 0, 1, 1, NULL, '2024-11-21 03:18:32', '2024-11-21 03:18:32'),
(36, 'El guarda-espaldas', 'public_html/book_covers/36.jpg', 1, 10, 1, 1, 1, 1, 1, 0, NULL, '2024-11-21 03:18:32', '2024-11-21 03:18:32'),
(37, 'Nostalgia de dios', NULL, 320, 47, 4, 1, 28, 1, 1, 0, NULL, '2024-11-21 03:18:32', '2024-11-21 03:18:32'),
(38, 'Novela veraniega', 'public_html/book_covers/38.jpg', 357, 9, 1, 1, 29, 1, 1, 0, NULL, '2024-11-21 03:18:32', '2024-11-21 03:18:32'),
(39, 'La eternidad no es mia', 'public_html/book_covers/39.jpg', 455, 1, 1, 1, 63, 1, 1, 0, NULL, '2024-11-21 03:18:32', '2024-11-21 03:18:32'),
(40, 'El corsario negro', 'public_html/book_covers/40.jpg', 110, 5, 1, 1, 12, 1, 1, 0, NULL, '2024-11-21 03:18:32', '2024-11-21 03:18:32'),
(41, 'No hay pichintun que dure 100 años', 'public_html/book_covers/41.jpg', 222, 20, 1, 1, 31, 1, 1, 0, NULL, '2024-11-21 03:18:32', '2024-11-21 03:18:32'),
(42, 'El leon cautivo', 'public_html/book_covers/42.jpg', 44, 2, 1, 1, 96, 1, 1, 0, NULL, '2024-11-21 03:18:32', '2024-11-21 03:18:32'),
(43, 'El becerro de oro', NULL, 182, 39, 1, 1, 32, 1, 1, 0, NULL, '2024-11-21 03:18:32', '2024-11-21 03:18:32'),
(44, 'El camino de la ballena', NULL, 141, 5, 1, 1, 63, 1, 1, 0, NULL, '2024-11-21 03:18:32', '2024-11-21 03:18:32'),
(45, 'El doctor fischer de ginebra', NULL, 164, 1, 1, 1, 1, 1, 1, 0, NULL, '2024-11-21 03:18:32', '2024-11-21 03:18:32'),
(46, 'El ultomo mohicano', NULL, 132, 5, 1, 1, 12, 1, 1, 0, NULL, '2024-11-21 03:18:32', '2024-11-21 03:18:32'),
(47, 'Daniel de la vega - El poeta y el angel', 'public_html/book_covers/47.jpg', 281, 34, 6, 1, 33, 1, 1, 0, NULL, '2024-11-21 03:18:32', '2024-11-21 03:18:32'),
(48, 'El fin del verano', 'public_html/book_covers/48.jpg', 343, 3, 1, 1, 1, 1, 1, 0, NULL, '2024-11-21 03:18:32', '2024-11-21 03:18:32'),
(49, 'El mundo de ben lighthart', 'public_html/book_covers/49.jpg', 192, 16, 1, 1, 87, 1, 1, 0, NULL, '2024-11-21 03:18:32', '2024-11-21 03:18:32'),
(50, 'El amor catedratico', NULL, 152, 19, 1, 1, 35, 1, 1, 0, NULL, '2024-11-21 03:18:32', '2024-11-21 03:18:32'),
(51, 'Ideario', 'public_html/book_covers/51.jpg', 237, 30, 3, 1, 40, 1, 1, 0, NULL, '2024-11-21 03:18:32', '2024-11-21 03:18:32'),
(52, 'Coartada negra', 'public_html/book_covers/52.jpg', 76, 10, 1, 1, 37, 1, 1, 0, NULL, '2024-11-21 03:18:32', '2024-11-21 03:18:32'),
(53, 'El oro de los dioses', NULL, 122, 29, 3, 1, 38, 1, 1, 0, NULL, '2024-11-21 03:18:32', '2024-11-21 03:18:32'),
(54, 'El placer', NULL, 153, 1, 1, 1, 39, 1, 1, 0, NULL, '2024-11-21 03:18:32', '2024-11-21 03:18:32'),
(55, 'Jemmy button', 'public_html/book_covers/55.jpg', 46, 2, 1, 1, 40, 1, 1, 0, NULL, '2024-11-21 03:18:32', '2024-11-21 03:18:32'),
(56, 'Panorama de la novela chilena', 'public_html/book_covers/56.jpg', 333, 36, 2, 1, 151, 0, 1, 1, NULL, '2024-11-21 03:18:32', '2024-11-21 03:18:32'),
(57, 'Como sobrevivir en chile despues de los 30', NULL, 163, 48, 4, 1, 12, 1, 1, 0, NULL, '2024-11-21 03:18:32', '2024-11-21 03:18:32'),
(58, 'El alma de chile', 'public_html/book_covers/58.jpg', 462, 29, 3, 1, 72, 1, 1, 0, NULL, '2024-11-21 03:18:32', '2024-11-21 03:18:32'),
(59, 'Bulevar del ron', 'public_html/book_covers/59.jpg', 432, 5, 1, 1, 38, 0, 1, 1, NULL, '2024-11-21 03:18:32', '2024-11-21 03:18:32'),
(60, 'El misterio de las piedras sagradas', 'public_html/book_covers/60.jpg', 258, 12, 1, 1, 12, 1, 1, 0, NULL, '2024-11-21 03:18:32', '2024-11-21 03:18:32'),
(61, 'El sanador mistico', NULL, 368, 1, 1, 1, 12, 1, 1, 0, NULL, '2024-11-21 03:18:32', '2024-11-21 03:18:32'),
(62, 'El libro negro de la justicia chilena', 'public_html/book_covers/62.jpg', 9, 50, 2, 1, 3, 1, 1, 0, NULL, '2024-11-21 03:18:32', '2024-11-21 03:18:32'),
(63, 'En el nombre del padre', NULL, 414, 34, 2, 1, 46, 1, 1, 0, NULL, '2024-11-21 03:18:32', '2024-11-21 03:18:32'),
(64, 'Pedro sanchez', 'public_html/book_covers/64.jpg', 231, 9, 1, 1, 47, 1, 1, 0, NULL, '2024-11-21 03:18:32', '2024-11-21 03:18:32'),
(65, 'El jardin Español', 'public_html/book_covers/65.jpg', 4, 1, 1, 2, 48, 1, 1, 0, NULL, '2024-11-21 03:18:32', '2024-11-21 03:18:32'),
(66, 'Miguel Wolodijowski', NULL, 118, 2, 1, 2, 49, 1, 2, 0, NULL, '2024-11-21 03:18:32', '2024-11-21 03:18:32'),
(67, 'Exodo', 'public_html/book_covers/67.jpg', 250, 2, 1, 2, 50, 1, 1, 0, NULL, '2024-11-21 03:18:32', '2024-11-21 03:18:32'),
(68, 'En una calle de moscu ', 'public_html/book_covers/68.jpg', 156, 1, 1, 2, 51, 1, 1, 0, NULL, '2024-11-21 03:18:32', '2024-11-21 03:18:32'),
(69, 'Escritos del rtiempo de guerra', NULL, 362, 4, 4, 2, 52, 1, 1, 0, NULL, '2024-11-21 03:18:32', '2024-11-21 03:18:32'),
(70, 'Los Estado Unidos Como Civilizacion', 'public_html/book_covers/70.jpg', 296, 29, 3, 2, 53, 1, 1, 0, NULL, '2024-11-21 03:18:32', '2024-11-21 03:18:32'),
(71, 'Sendero', NULL, 253, 34, 2, 2, 12, 1, 1, 0, NULL, '2024-11-21 03:18:32', '2024-11-21 03:18:32'),
(72, 'El ultimo Grumete De \"La Baquedano\"', 'public_html/book_covers/72.jpg', 141, 5, 1, 2, 55, 1, 1, 0, NULL, '2024-11-21 03:18:32', '2024-11-21 03:18:32'),
(73, 'Este no es el paraiso', 'public_html/book_covers/73.jpg', 265, 1, 1, 2, 56, 1, 1, 0, NULL, '2024-11-21 03:18:32', '2024-11-21 03:18:32'),
(74, 'Muere El Gorrión', 'public_html/book_covers/74.jpg', 374, 5, 1, 2, 1, 1, 1, 0, NULL, '2024-11-21 03:18:32', '2024-11-21 03:18:32'),
(75, 'Ibamba', 'public_html/book_covers/75.jpg', 465, 1, 1, 2, 63, 1, 1, 0, NULL, '2024-11-21 03:18:32', '2024-11-21 03:18:32'),
(76, 'El Médico de la Lhasa', NULL, 254, 47, 4, 2, 18, 1, 1, 0, NULL, '2024-11-21 03:18:32', '2024-11-21 03:18:32'),
(77, 'El Desperfecto', NULL, 150, 10, 1, 2, 53, 1, 1, 0, NULL, '2024-11-21 03:18:32', '2024-11-21 03:18:32'),
(78, 'MIguel Angel Agonia y extasis del genio de FLORENCIA', NULL, 184, 34, 1, 2, 179, 1, 1, 0, NULL, '2024-11-21 03:18:32', '2024-11-21 03:18:32'),
(79, 'Amalia', NULL, 232, 3, 1, 2, 47, 1, 1, 0, NULL, '2024-11-21 03:18:32', '2024-11-21 03:18:32'),
(80, 'El hombre y el muñeco', NULL, 80, 1, 1, 2, 36, 1, 1, 0, NULL, '2024-11-21 03:18:32', '2024-11-21 03:18:32'),
(81, 'El Camino del Gaucho', 'public_html/book_covers/81.jpg', 422, 2, 1, 2, 181, 1, 1, 0, NULL, '2024-11-21 03:18:32', '2024-11-21 03:18:32'),
(82, 'Antes del Amanecer', 'public_html/book_covers/82.jpg', 356, 1, 1, 2, 12, 1, 1, 0, NULL, '2024-11-21 03:18:32', '2024-11-21 03:18:32'),
(83, 'Cabo de Hornos', 'public_html/book_covers/83.jpg', 141, 5, 1, 2, 55, 1, 1, 0, NULL, '2024-11-21 03:18:32', '2024-11-21 03:18:32'),
(84, 'Casa Grande', 'public_html/book_covers/84.jpg', 264, 2, 1, 2, 12, 1, 1, 0, NULL, '2024-11-21 03:18:32', '2024-11-21 03:18:32'),
(85, 'Casa de campo ', NULL, 223, 1, 1, 2, 176, 1, 1, 0, NULL, '2024-11-21 03:18:32', '2024-11-21 03:18:32'),
(86, 'Medico Interno', NULL, 340, 10, 1, 2, 1, 1, 1, 0, NULL, '2024-11-21 03:18:32', '2024-11-21 03:18:32'),
(87, 'Raices', NULL, 14, 2, 1, 2, 50, 1, 1, 0, NULL, '2024-11-21 03:18:32', '2024-11-21 03:18:32'),
(88, 'Conflicto Cosmico La dramatica lucha por el destino de la humanidad', 'public_html/book_covers/88.jpg', 104, 49, 4, 2, 24, 1, 1, 0, NULL, '2024-11-21 03:18:32', '2024-11-21 03:18:32'),
(89, 'Sonata de otoño y Sonata de invierno', 'public_html/book_covers/89.jpg', 329, 1, 1, 2, 180, 1, 1, 0, NULL, '2024-11-21 03:18:32', '2024-11-21 03:18:32'),
(90, 'La semilla del diablo', 'public_html/book_covers/90.jpg', 183, 6, 1, 2, 12, 1, 1, 0, NULL, '2024-11-21 03:18:32', '2024-11-21 03:18:32'),
(91, 'Aventuras en el mississippi', 'public_html/book_covers/91.jpg', 235, 5, 1, 2, 178, 1, 1, 0, NULL, '2024-11-21 03:18:32', '2024-11-21 03:18:32'),
(92, 'Memorias de Adriano', 'public_html/book_covers/92.jpg', 280, 2, 1, 2, 176, 1, 1, 0, NULL, '2024-11-21 03:18:32', '2024-11-21 03:18:32'),
(93, 'Las aventuras Españolas de Whashington Irving', 'public_html/book_covers/93.jpg', 73, 31, 6, 2, 63, 1, 1, 0, NULL, '2024-11-21 03:18:32', '2024-11-21 03:18:32'),
(94, 'Cómo criar hijos con actitudes en un mundo negativo ', NULL, 379, 48, 4, 2, 12, 1, 1, 0, NULL, '2024-11-21 03:18:32', '2024-11-21 03:18:32'),
(95, 'Revista Planeta Edición 10', 'public_html/book_covers/95.jpg', 467, 46, 2, 2, 24, 1, 1, 0, NULL, '2024-11-21 03:18:32', '2024-11-21 03:18:32'),
(96, 'Moby Dick (La ballena blanca) ', 'public_html/book_covers/96.jpg', 175, 5, 1, 2, 63, 1, 1, 0, NULL, '2024-11-21 03:18:32', '2024-11-21 03:18:32'),
(97, 'La fiesta \"The Feast\"', 'public_html/book_covers/97.jpg', 277, 1, 1, 2, 12, 1, 1, 0, NULL, '2024-11-21 03:18:32', '2024-11-21 03:18:32'),
(98, 'Gramatica Española curso superior', NULL, 467, 32, 5, 2, 12, 1, 1, 0, NULL, '2024-11-21 03:18:32', '2024-11-21 03:18:32'),
(99, 'Caravan a Xanadu', 'public_html/book_covers/99.jpg', 100, 5, 1, 2, 63, 1, 1, 0, NULL, '2024-11-21 03:18:32', '2024-11-21 03:18:32'),
(100, 'Kapput', 'public_html/book_covers/100.jpg', 78, 2, 1, 2, 144, 1, 1, 0, NULL, '2024-11-21 03:18:32', '2024-11-21 03:18:32'),
(101, 'Educar: Tarea de todos', 'public_html/book_covers/101.jpg', 137, 44, 3, 2, 30, 1, 1, 0, NULL, '2024-11-21 03:18:32', '2024-11-21 03:18:32'),
(102, 'Aventuras de Dick Turpin', NULL, 390, 5, 1, 2, 12, 1, 1, 0, NULL, '2024-11-21 03:18:32', '2024-11-21 03:18:32'),
(103, 'El Auca Aventurero', 'public_html/book_covers/103.jpg', 261, 2, 1, 2, 63, 1, 1, 0, NULL, '2024-11-21 03:18:32', '2024-11-21 03:18:32'),
(104, 'La Envoltura Humana', 'public_html/book_covers/104.jpg', 8, 29, 4, 2, 146, 1, 1, 0, NULL, '2024-11-21 03:18:32', '2024-11-21 03:18:32'),
(105, 'La Patrulla de marisol', 'public_html/book_covers/105.jpg', 445, 12, 1, 2, 12, 1, 1, 0, NULL, '2024-11-21 03:18:32', '2024-11-21 03:18:32'),
(106, 'Introducción a la sociologia \"conceptos básicos y aplicaciones\"', 'public_html/book_covers/106.jpg', 108, 43, 3, 2, 12, 1, 1, 0, NULL, '2024-11-21 03:18:32', '2024-11-21 03:18:32'),
(107, 'La salud a travéz del ginseng rojo coreano ', NULL, 467, 42, 5, 2, 148, 1, 1, 0, NULL, '2024-11-21 03:18:32', '2024-11-21 03:18:32'),
(108, 'La universidad de Chile', 'public_html/book_covers/108.jpg', 297, 32, 6, 2, 149, 1, 1, 0, NULL, '2024-11-21 03:18:32', '2024-11-21 03:18:32'),
(109, 'Ivanhoe', 'public_html/book_covers/109.jpg', 372, 2, 1, 2, 150, 1, 1, 0, NULL, '2024-11-21 03:18:32', '2024-11-21 03:18:32'),
(110, 'Introducción al derecho', 'public_html/book_covers/110.jpg', 355, 40, 3, 2, 151, 1, 1, 0, NULL, '2024-11-21 03:18:32', '2024-11-21 03:18:32'),
(111, 'Cartas Peligrosas', NULL, 52, 6, 1, 2, 12, 1, 1, 0, NULL, '2024-11-21 03:18:32', '2024-11-21 03:18:32'),
(112, 'Jane Eyre', 'public_html/book_covers/112.jpg', 67, 3, 1, 2, 152, 1, 1, 0, NULL, '2024-11-21 03:18:32', '2024-11-21 03:18:32'),
(113, 'Endless Night', 'public_html/book_covers/113.jpg', 5, 6, 1, 2, 153, 1, 1, 0, NULL, '2024-11-21 03:18:32', '2024-11-21 03:18:32'),
(114, 'Los Perros Hambrientos', 'public_html/book_covers/114.jpg', 71, 38, 1, 2, 168, 1, 1, 0, NULL, '2024-11-21 03:18:32', '2024-11-21 03:18:32'),
(115, 'El Círculo Tornasol', 'public_html/book_covers/115.jpg', 385, 1, 1, 2, 12, 1, 1, 0, NULL, '2024-11-21 03:18:32', '2024-11-21 03:18:32'),
(116, 'Tarzan y El leon dorado', NULL, 99, 5, 1, 2, 12, 1, 1, 0, NULL, '2024-11-21 03:18:32', '2024-11-21 03:18:32'),
(117, 'El Tesoro de Tarzan', 'public_html/book_covers/117.jpg', 99, 5, 1, 2, 12, 1, 1, 0, NULL, '2024-11-21 03:18:32', '2024-11-21 03:18:32'),
(118, 'Jurassic Park', 'public_html/book_covers/118.jpg', 298, 11, 1, 2, 156, 1, 1, 0, NULL, '2024-11-21 03:18:32', '2024-11-21 03:18:32'),
(119, 'El templete de nasse house', NULL, 5, 6, 1, 2, 157, 1, 1, 0, NULL, '2024-11-21 03:18:32', '2024-11-21 03:18:32'),
(120, 'La Cerilla Sueca y otros cuentos', NULL, 68, 17, 1, 2, 158, 1, 1, 0, NULL, '2024-11-21 03:18:32', '2024-11-21 03:18:32'),
(121, 'Los Rios Profundos', 'public_html/book_covers/121.jpg', 230, 1, 1, 2, 8, 1, 1, 0, NULL, '2024-11-21 03:18:32', '2024-11-21 03:18:32'),
(122, 'AZUL', NULL, 344, 23, 1, 2, 63, 1, 1, 0, NULL, '2024-11-21 03:18:32', '2024-11-21 03:18:32'),
(123, 'La hija del capitan la dama de pique', 'public_html/book_covers/123.jpg', 323, 9, 1, 2, 159, 1, 1, 0, NULL, '2024-11-21 03:18:32', '2024-11-21 03:18:32'),
(124, 'La Ralea', 'public_html/book_covers/124.jpg', 111, 5, 1, 2, 159, 1, 1, 0, NULL, '2024-11-21 03:18:32', '2024-11-21 03:18:32'),
(125, 'Introduccion a la filosofia Yoga', 'public_html/book_covers/125.jpg', 360, 37, 4, 2, 8, 1, 1, 0, NULL, '2024-11-21 03:18:32', '2024-11-21 03:18:32'),
(126, 'Un dia en la vida de Arnaldo, Caballero cruzado', 'public_html/book_covers/126.jpg', 196, 16, 1, 3, 63, 1, 1, 0, NULL, '2024-11-21 03:18:32', '2024-11-21 03:18:32'),
(127, 'Abel Sanchez', 'public_html/book_covers/127.jpg', 301, 12, 1, 3, 160, 1, 1, 0, NULL, '2024-11-21 03:18:32', '2024-11-21 03:18:32'),
(128, 'Abel Sanchez', 'public_html/book_covers/128.jpg', 301, 12, 1, 3, 12, 1, 1, 0, NULL, '2024-11-21 03:18:32', '2024-11-21 03:18:32'),
(129, 'Un dia en la vida de Amaru, Correa Inca', NULL, 196, 16, 1, 3, 63, 1, 1, 0, NULL, '2024-11-21 03:18:32', '2024-11-21 03:18:32'),
(130, 'Un dia en la vida de Ak, Pintor de Cavernas', NULL, 196, 16, 1, 3, 63, 1, 3, 0, NULL, '2024-11-21 03:18:32', '2024-11-21 03:18:32'),
(131, 'Antologia de Leyendas y Traiciones ', NULL, 16, 53, 1, 3, 8, 1, 3, 0, NULL, '2024-11-21 03:18:32', '2024-11-21 03:18:32'),
(132, 'Ardiente Paciencia', 'public_html/book_covers/132.jpg', 36, 3, 1, 3, 24, 1, 2, 0, NULL, '2024-11-21 03:18:32', '2024-11-21 03:18:32'),
(133, 'Simbad el Marino Ali Babá y los Cuarenta ladrones', 'public_html/book_covers/133.jpg', 384, 18, 1, 3, 160, 1, 1, 0, NULL, '2024-11-21 03:18:32', '2024-11-21 03:18:32'),
(134, 'Ali Babá y los cuarenta ladrones Aladino y la lampara Maravillosa', 'public_html/book_covers/134.jpg', 467, 18, 1, 3, 12, 1, 1, 0, NULL, '2024-11-21 03:18:32', '2024-11-21 03:18:32'),
(135, 'Antai', 'public_html/book_covers/135.jpg', 348, 12, 1, 3, 12, 1, 1, 0, NULL, '2024-11-21 03:18:32', '2024-11-21 03:18:32'),
(136, 'Antologia  de la poesia universal', 'public_html/book_covers/136.jpg', 387, 24, 1, 3, 163, 1, 1, 0, NULL, '2024-11-21 03:18:32', '2024-11-21 03:18:32'),
(137, 'A tango abierto', 'public_html/book_covers/137.jpg', 26, 17, 1, 3, 164, 1, 1, 0, NULL, '2024-11-21 03:18:32', '2024-11-21 03:18:32'),
(138, 'Antologia de cuentos hispanoamericanos', NULL, 392, 17, 1, 3, 160, 1, 1, 0, NULL, '2024-11-21 03:18:32', '2024-11-21 03:18:32'),
(139, 'Abuelita Opalina', 'public_html/book_covers/139.jpg', 284, 15, 1, 3, 87, 1, 1, 0, NULL, '2024-11-21 03:18:32', '2024-11-21 03:18:32'),
(140, 'Adios, Mr. Chips', NULL, 203, 1, 1, 3, 8, 1, 1, 0, NULL, '2024-11-21 03:18:32', '2024-11-21 03:18:32'),
(141, 'Adios, Mr. Chips', NULL, 203, 1, 1, 3, 12, 1, 1, 0, NULL, '2024-11-21 03:18:32', '2024-11-21 03:18:32'),
(142, 'Al sahara en globo', 'public_html/book_covers/142.jpg', 79, 5, 1, 3, 12, 1, 1, 0, NULL, '2024-11-21 03:18:32', '2024-11-21 03:18:32'),
(143, 'Cuentas de America', 'public_html/book_covers/143.jpg', 435, 29, 3, 3, 160, 1, 1, 0, NULL, '2024-11-21 03:18:32', '2024-11-21 03:18:32'),
(144, 'Archipielago Gulag ', NULL, 15, 2, 1, 3, 58, 1, 1, 0, NULL, '2024-11-21 03:18:32', '2024-11-21 03:18:32'),
(145, 'Antologia poetica Ruben Dario', 'public_html/book_covers/145.jpg', 270, 24, 1, 3, 90, 1, 1, 0, NULL, '2024-11-21 03:18:32', '2024-11-21 03:18:32'),
(146, 'Antologia poetica Gabriela Mistral', 'public_html/book_covers/146.jpg', 386, 24, 1, 3, 90, 1, 1, 0, NULL, '2024-11-21 03:18:32', '2024-11-21 03:18:32'),
(147, 'Antologia poetica Antonio Machado', 'public_html/book_covers/147.jpg', 306, 24, 1, 3, 90, 1, 1, 0, NULL, '2024-11-21 03:18:32', '2024-11-21 03:18:32'),
(148, 'Aventuras de Huck finn', 'public_html/book_covers/148.jpg', 289, 5, 1, 3, 166, 1, 1, 0, NULL, '2024-11-21 03:18:32', '2024-11-21 03:18:32'),
(149, 'Articulos de costumbres', NULL, 285, 29, 1, 3, 36, 1, 1, 0, NULL, '2024-11-21 03:18:32', '2024-11-21 03:18:32'),
(150, 'Aventuras de Sherlock Holmes', 'public_html/book_covers/150.jpg', 40, 6, 1, 3, 63, 1, 2, 0, NULL, '2024-11-21 03:18:32', '2024-11-21 03:18:32'),
(151, 'Aventuras de Sherlock Holmes', 'public_html/book_covers/151.jpg', 40, 6, 1, 3, 160, 1, 1, 0, NULL, '2024-11-21 03:18:32', '2024-11-21 03:18:32'),
(152, 'Aventuras de Sherlock Holmes', 'public_html/book_covers/152.jpg', 40, 6, 1, 3, 167, 1, 1, 0, NULL, '2024-11-21 03:18:32', '2024-11-21 03:18:32'),
(153, 'Las aventuras de pinocho', 'public_html/book_covers/153.jpg', 58, 15, 1, 3, 166, 1, 1, 0, NULL, '2024-11-21 03:18:32', '2024-11-21 03:18:32'),
(154, 'Alsino', 'public_html/book_covers/154.jpg', 317, 1, 1, 3, 12, 1, 1, 0, NULL, '2024-11-21 03:18:32', '2024-11-21 03:18:32'),
(155, 'Alsino', 'public_html/book_covers/155.jpg', 317, 1, 1, 3, 168, 1, 1, 0, NULL, '2024-11-21 03:18:32', '2024-11-21 03:18:32'),
(156, 'Alsino', 'public_html/book_covers/156.jpg', 317, 1, 1, 3, 96, 1, 1, 0, NULL, '2024-11-21 03:18:32', '2024-11-21 03:18:32'),
(157, 'Afuerinos, Aprendiendo a brujo y demas cuentos', NULL, 263, 17, 1, 3, 63, 1, 1, 0, NULL, '2024-11-21 03:18:32', '2024-11-21 03:18:32'),
(158, 'Alsino', 'public_html/book_covers/158.jpg', 317, 1, 1, 3, 90, 1, 2, 0, NULL, '2024-11-21 03:18:32', '2024-11-21 03:18:32'),
(159, 'Adios a Ruibardo y otros cuentos', NULL, 165, 17, 1, 3, 12, 1, 1, 0, NULL, '2024-11-21 03:18:32', '2024-11-21 03:18:32'),
(160, 'Aventuras de Robinso Crusoe ', 'public_html/book_covers/160.jpg', 84, 5, 1, 3, 12, 1, 1, 0, NULL, '2024-11-21 03:18:32', '2024-11-21 03:18:32'),
(161, 'Barba Azul y otros cuentos', 'public_html/book_covers/161.jpg', 66, 18, 1, 3, 12, 1, 1, 0, NULL, '2024-11-21 03:18:32', '2024-11-21 03:18:32'),
(162, 'Un dia en la vida de Alonso, Pasajero de la mar oceano', NULL, 196, 16, 1, 3, 63, 1, 1, 0, NULL, '2024-11-21 03:18:32', '2024-11-21 03:18:32'),
(163, 'Benito Coreno', 'public_html/book_covers/163.jpg', 175, 9, 1, 3, 12, 1, 1, 0, NULL, '2024-11-21 03:18:32', '2024-11-21 03:18:32'),
(164, 'Aventuras de John Davys', 'public_html/book_covers/164.jpg', 10, 5, 1, 3, 12, 1, 1, 0, NULL, '2024-11-21 03:18:32', '2024-11-21 03:18:32'),
(165, 'Aventuras de 3 Rusos y 3 Ingleses en la Africa Austral', 'public_html/book_covers/165.jpg', 243, 5, 1, 3, 169, 1, 3, 0, NULL, '2024-11-21 03:18:32', '2024-11-21 03:18:32'),
(166, 'Bola de sebo', 'public_html/book_covers/166.jpg', 168, 9, 1, 3, 90, 1, 2, 0, NULL, '2024-11-21 03:18:32', '2024-11-21 03:18:32'),
(167, 'Don Segundo Sombra', 'public_html/book_covers/167.jpg', 336, 9, 1, 3, 90, 1, 3, 0, NULL, '2024-11-21 03:18:32', '2024-11-21 03:18:32'),
(168, 'Donde van a morir los Elefantes ', 'public_html/book_covers/168.jpg', 223, 1, 1, 3, 164, 1, 1, 0, NULL, '2024-11-21 03:18:32', '2024-11-21 03:18:32'),
(169, 'El Loco estero', 'public_html/book_covers/169.jpg', 7, 2, 1, 3, 12, 1, 1, 0, NULL, '2024-11-21 03:18:32', '2024-11-21 03:18:32'),
(170, 'De carta en carta', 'public_html/book_covers/170.jpg', 28, 15, 1, 3, 164, 1, 1, 0, NULL, '2024-11-21 03:18:32', '2024-11-21 03:18:32'),
(171, 'Descubrimientos orientadores ', 'public_html/book_covers/171.jpg', 393, 32, 5, 3, 12, 1, 1, 0, NULL, '2024-11-21 03:18:32', '2024-11-21 03:18:32'),
(172, 'Montaña adentro; Bestia dañina; Maria Rosa, Flor del Quillen ', NULL, 291, 9, 1, 3, 26, 1, 1, 0, NULL, '2024-11-21 03:18:32', '2024-11-21 03:18:32'),
(173, 'Breve historia de las fronteras de chile ', NULL, 199, 45, 6, 3, 8, 1, 1, 0, NULL, '2024-11-21 03:18:32', '2024-11-21 03:18:32'),
(174, 'Buen viaje, señor Noe', NULL, 212, 1, 1, 3, 124, 1, 1, 0, NULL, '2024-11-21 03:18:32', '2024-11-21 03:18:32'),
(175, 'Bajo las lilas', 'public_html/book_covers/175.jpg', 257, 16, 1, 3, 63, 1, 1, 0, NULL, '2024-11-21 03:18:32', '2024-11-21 03:18:32'),
(176, 'Bola de sebo y otros cuentos ', 'public_html/book_covers/176.jpg', 168, 17, 1, 3, 163, 1, 1, 0, NULL, '2024-11-21 03:18:32', '2024-11-21 03:18:32'),
(177, 'Ami el niño de las estrellas', NULL, 114, 16, 1, 3, 171, 1, 1, 0, NULL, '2024-11-21 03:18:32', '2024-11-21 03:18:32'),
(178, 'Asesinato en el canadian express', 'public_html/book_covers/178.jpg', 121, 6, 1, 3, 87, 1, 2, 0, NULL, '2024-11-21 03:18:32', '2024-11-21 03:18:32'),
(179, 'Don Segundo Sombra', 'public_html/book_covers/179.jpg', 336, 9, 1, 3, 172, 1, 1, 0, NULL, '2024-11-21 03:18:32', '2024-11-21 03:18:32'),
(180, 'De los apeninos a los Andes', NULL, 102, 9, 1, 3, 107, 1, 1, 0, NULL, '2024-11-21 03:18:32', '2024-11-21 03:18:32'),
(181, 'Ben Hur', 'public_html/book_covers/181.jpg', 251, 2, 1, 3, 166, 1, 1, 0, NULL, '2024-11-21 03:18:32', '2024-11-21 03:18:32'),
(182, 'Platon Dialogos', 'public_html/book_covers/182.jpg', 48, 37, 4, 3, 36, 1, 1, 0, NULL, '2024-11-21 03:18:32', '2024-11-21 03:18:32'),
(183, 'Arte nuevo de hacer comedias y la discreta enamorada', 'public_html/book_covers/183.jpg', 255, 13, 1, 3, 173, 1, 1, 0, NULL, '2024-11-21 03:18:32', '2024-11-21 03:18:32'),
(184, 'Don Quijote, Don Juan y la Celestina', 'public_html/book_covers/184.jpg', 328, 31, 2, 3, 173, 1, 1, 0, NULL, '2024-11-21 03:18:32', '2024-11-21 03:18:32'),
(185, 'Don Juan Tenorio', 'public_html/book_covers/185.jpg', 236, 13, 1, 3, 90, 1, 1, 0, NULL, '2024-11-21 03:18:32', '2024-11-21 03:18:32'),
(186, 'Don Juan Tenorio', 'public_html/book_covers/186.jpg', 236, 13, 1, 3, 160, 1, 1, 0, NULL, '2024-11-21 03:18:32', '2024-11-21 03:18:32'),
(187, 'De como decidi en convertirme en hermano mayor', 'public_html/book_covers/187.jpg', 91, 15, 1, 3, 12, 1, 2, 0, NULL, '2024-11-21 03:18:32', '2024-11-21 03:18:32'),
(188, 'David Copperfield', NULL, 64, 1, 1, 3, 160, 1, 2, 0, NULL, '2024-11-21 03:18:32', '2024-11-21 03:18:32'),
(189, 'David Copperfield', NULL, 64, 1, 1, 3, 174, 1, 1, 0, NULL, '2024-11-21 03:18:32', '2024-11-21 03:18:32'),
(190, 'Donde estas Constanza...', 'public_html/book_covers/190.jpg', 228, 3, 1, 3, 12, 1, 3, 0, NULL, '2024-11-21 03:18:32', '2024-11-21 03:18:32'),
(191, 'De pluma y pelo', 'public_html/book_covers/191.jpg', 327, 9, 1, 3, 12, 1, 1, 0, NULL, '2024-11-21 03:18:32', '2024-11-21 03:18:32'),
(192, 'Doña Barbara', NULL, 342, 9, 1, 3, 174, 1, 1, 0, NULL, '2024-11-21 03:18:32', '2024-11-21 03:18:32'),
(193, 'El fantasma de canterville ', 'public_html/book_covers/193.jpg', 380, 17, 1, 3, 12, 1, 1, 0, NULL, '2024-11-21 03:18:32', '2024-11-21 03:18:32'),
(194, 'Gracia y el forastero', 'public_html/book_covers/194.jpg', 165, 3, 1, 3, 63, 1, 1, 0, NULL, '2024-11-21 03:18:32', '2024-11-21 03:18:32'),
(195, 'La Odisea', 'public_html/book_covers/195.jpg', 178, 22, 1, 3, 63, 1, 1, 0, NULL, '2024-11-21 03:18:32', '2024-11-21 03:18:32'),
(196, 'Dolores', 'public_html/book_covers/196.jpg', 197, 1, 1, 3, 12, 1, 1, 0, NULL, '2024-11-21 03:18:32', '2024-11-21 03:18:32'),
(197, 'Doña Barbara', NULL, 342, 9, 1, 3, 90, 1, 1, 0, NULL, '2024-11-21 03:18:32', '2024-11-21 03:18:32'),
(198, 'La Porota', 'public_html/book_covers/198.jpg', 177, 12, 1, 3, 63, 1, 1, 0, NULL, '2024-11-21 03:18:32', '2024-11-21 03:18:32'),
(199, 'Desolacion', 'public_html/book_covers/199.jpg', 155, 24, 1, 3, 12, 1, 1, 0, NULL, '2024-11-21 03:18:32', '2024-11-21 03:18:32'),
(200, 'Diecisiete fabulas del rey leon', NULL, 205, 54, 1, 3, 12, 1, 1, 0, NULL, '2024-11-21 03:18:32', '2024-11-21 03:18:32'),
(201, 'Analisis e integracion del concepto de forma', 'public_html/book_covers/201.jpg', 451, 32, 5, 3, 107, 1, 1, 0, NULL, '2024-11-21 03:18:32', '2024-11-21 03:18:32'),
(202, 'Doña Barbara', NULL, 342, 9, 1, 3, 36, 1, 1, 0, NULL, '2024-11-21 03:18:32', '2024-11-21 03:18:32'),
(203, 'Daisy Miller ', 'public_html/book_covers/203.jpg', 173, 9, 1, 3, 12, 1, 1, 0, NULL, '2024-11-21 03:18:32', '2024-11-21 03:18:32'),
(204, 'El diario de Ana Frank', 'public_html/book_covers/204.jpg', 25, 34, 2, 3, 63, 0, 1, 1, NULL, '2024-11-21 03:18:32', '2024-11-21 03:18:32'),
(205, 'Dos Años de vaciones ', 'public_html/book_covers/205.jpg', 243, 5, 1, 3, 160, 1, 1, 0, NULL, '2024-11-21 03:18:32', '2024-11-21 03:18:32'),
(206, 'Guerra del Pacifico Memorias de Jose Francisco Vergara, Diario de campaña de Diego Dublé Almeida', 'public_html/book_covers/206.jpg', 408, 45, 6, 3, 12, 1, 1, 0, NULL, '2024-11-21 03:18:32', '2024-11-21 03:18:32'),
(207, 'Diario del año de la peste', 'public_html/book_covers/207.jpg', 84, 2, 1, 3, 50, 1, 1, 0, NULL, '2024-11-21 03:18:32', '2024-11-21 03:18:32'),
(208, 'Down the river', NULL, 93, 9, 1, 3, 152, 1, 1, 0, NULL, '2024-11-21 03:18:32', '2024-11-21 03:18:32'),
(209, 'Genoveva de Brabante', NULL, 77, 15, 1, 3, 160, 1, 1, 0, NULL, '2024-11-21 03:18:32', '2024-11-21 03:18:32'),
(210, 'La interpretacion de los sueños 1', NULL, 353, 52, 4, 3, 168, 1, 1, 0, NULL, '2024-11-21 03:18:32', '2024-11-21 03:18:32'),
(211, 'La interpretacion de los sueños 2', 'public_html/book_covers/211.jpg', 353, 52, 4, 3, 168, 1, 1, 0, NULL, '2024-11-21 03:18:32', '2024-11-21 03:18:32'),
(212, 'Lecciones de fisica Tomo 1 para VI año', 'public_html/book_covers/212.jpg', 191, 32, 5, 3, 96, 1, 1, 0, NULL, '2024-11-21 03:18:32', '2024-11-21 03:18:32'),
(213, 'Desayuno en Tiffannys ', NULL, 366, 1, 1, 3, 12, 1, 1, 0, NULL, '2024-11-21 03:18:32', '2024-11-21 03:18:32'),
(214, 'De la tierra a la luna', 'public_html/book_covers/214.jpg', 243, 11, 1, 3, 63, 1, 1, 0, NULL, '2024-11-21 03:18:32', '2024-11-21 03:18:32'),
(215, 'De la tierra a la luna', 'public_html/book_covers/215.jpg', 243, 11, 1, 3, 12, 1, 1, 0, NULL, '2024-11-21 03:18:32', '2024-11-21 03:18:32'),
(216, 'Doctor Zhivago tomo 1', NULL, 51, 2, 1, 3, 12, 1, 1, 0, NULL, '2024-11-21 03:18:32', '2024-11-21 03:18:32'),
(217, 'Doctor Zhivago tomo 2', NULL, 51, 2, 1, 3, 12, 1, 1, 0, NULL, '2024-11-21 03:18:32', '2024-11-21 03:18:32'),
(218, 'Matematicas 1° Medio', 'public_html/book_covers/218.jpg', 467, 32, 5, 3, 90, 1, 1, 0, NULL, '2024-11-21 03:18:32', '2024-11-21 03:18:32'),
(219, 'Dias de Sol y Niebla', 'public_html/book_covers/219.jpg', 402, 1, 1, 3, 12, 1, 2, 0, NULL, '2024-11-21 03:18:32', '2024-11-21 03:18:32'),
(220, 'Fogon de las traiciones', NULL, 394, 19, 1, 3, 12, 1, 1, 0, NULL, '2024-11-21 03:18:32', '2024-11-21 03:18:32'),
(221, 'Demian Historia de la juventud de Emilio Sinclair', NULL, 176, 4, 1, 3, 99, 1, 1, 0, NULL, '2024-11-21 03:18:32', '2024-11-21 03:18:32'),
(222, 'Juventud y pureza, lo que deben decir y hacer los padres ', 'public_html/book_covers/222.jpg', 405, 44, 4, 3, 12, 1, 1, 0, NULL, '2024-11-21 03:18:32', '2024-11-21 03:18:32'),
(223, 'El despertar religioso del niño ', 'public_html/book_covers/223.jpg', 388, 49, 4, 3, 101, 1, 1, 0, NULL, '2024-11-21 03:18:32', '2024-11-21 03:18:32'),
(224, 'Las Sandalias del pescador', NULL, 447, 2, 1, 4, 12, 1, 1, 0, NULL, '2024-11-21 03:18:32', '2024-11-21 03:18:32'),
(225, 'El loco estero', 'public_html/book_covers/225.jpg', 7, 2, 1, 4, 12, 0, 1, 1, NULL, '2024-11-21 03:18:32', '2024-11-21 03:18:32'),
(226, 'Cucho', 'public_html/book_covers/226.jpg', 227, 16, 1, 4, 87, 1, 1, 0, NULL, '2024-11-21 03:18:32', '2024-11-21 03:18:32'),
(227, 'El terror de Sexto B', NULL, 378, 15, 1, 4, 164, 1, 3, 0, NULL, '2024-11-21 03:18:32', '2024-11-21 03:18:32'),
(228, 'El corsario Negro', 'public_html/book_covers/228.jpg', 110, 5, 1, 4, 63, 1, 1, 0, NULL, '2024-11-21 03:18:32', '2024-11-21 03:18:32'),
(229, 'El corsario Negro', 'public_html/book_covers/229.jpg', 110, 5, 1, 4, 102, 1, 1, 0, NULL, '2024-11-21 03:18:32', '2024-11-21 03:18:32'),
(230, 'Emilia y la Dama Negra', 'public_html/book_covers/230.jpg', 196, 16, 1, 4, 12, 1, 4, 0, NULL, '2024-11-21 03:18:32', '2024-11-21 03:18:32'),
(231, 'El LLamado de la selva ', 'public_html/book_covers/231.jpg', 194, 5, 1, 4, 63, 1, 2, 0, NULL, '2024-11-21 03:18:32', '2024-11-21 03:18:32'),
(232, 'El LLamado de la selva ', 'public_html/book_covers/232.jpg', 194, 5, 1, 4, 103, 1, 1, 0, NULL, '2024-11-21 03:18:32', '2024-11-21 03:18:32'),
(233, 'ELQUI El cielo esta mas cerca', 'public_html/book_covers/233.jpg', 268, 19, 1, 4, 104, 1, 1, 0, NULL, '2024-11-21 03:18:32', '2024-11-21 03:18:32'),
(234, 'El Collar de Perlas Negras', 'public_html/book_covers/234.jpg', 443, 1, 1, 4, 8, 1, 3, 0, NULL, '2024-11-21 03:18:32', '2024-11-21 03:18:32'),
(235, 'Lazarillo de Tormes', 'public_html/book_covers/235.jpg', 384, 9, 1, 4, 102, 1, 1, 0, NULL, '2024-11-21 03:18:32', '2024-11-21 03:18:32'),
(236, 'Enfermero Imaginario', 'public_html/book_covers/236.jpg', 303, 22, 1, 4, 174, 1, 9, 0, NULL, '2024-11-21 03:18:32', '2024-11-21 03:18:32'),
(237, 'El principe y el mendigo', 'public_html/book_covers/237.jpg', 289, 15, 1, 4, 106, 1, 1, 0, NULL, '2024-11-21 03:18:32', '2024-11-21 03:18:32'),
(238, 'El principe y el mendigo', 'public_html/book_covers/238.jpg', 289, 15, 1, 4, 174, 1, 9, 0, NULL, '2024-11-21 03:18:32', '2024-11-21 03:18:32'),
(239, 'El lobo de Gubbio', 'public_html/book_covers/239.jpg', 453, 16, 4, 4, 63, 1, 1, 0, NULL, '2024-11-21 03:18:32', '2024-11-21 03:18:32'),
(240, 'El libro de las tierras virgenes', 'public_html/book_covers/240.jpg', 345, 5, 1, 4, 63, 1, 2, 0, NULL, '2024-11-21 03:18:32', '2024-11-21 03:18:32'),
(241, 'El libro de las tierras virgenes', 'public_html/book_covers/241.jpg', 345, 5, 1, 4, 12, 1, 1, 0, NULL, '2024-11-21 03:18:32', '2024-11-21 03:18:32'),
(242, 'El LLamado de la selva ', 'public_html/book_covers/242.jpg', 194, 5, 1, 4, 107, 1, 1, 0, NULL, '2024-11-21 03:18:32', '2024-11-21 03:18:32'),
(243, 'Érase una vez un hermoso planeta llamado tierra', NULL, 348, 15, 1, 4, 63, 1, 1, 0, NULL, '2024-11-21 03:18:32', '2024-11-21 03:18:32'),
(244, 'El retrato de Dorian Gray', 'public_html/book_covers/244.jpg', 380, 4, 1, 4, 90, 1, 1, 0, NULL, '2024-11-21 03:18:32', '2024-11-21 03:18:32'),
(245, 'El retrato de Dorian Gray', 'public_html/book_covers/245.jpg', 380, 4, 1, 4, 36, 1, 1, 0, NULL, '2024-11-21 03:18:32', '2024-11-21 03:18:32'),
(246, 'El loco Estero', 'public_html/book_covers/246.jpg', 7, 2, 1, 4, 160, 1, 1, 0, NULL, '2024-11-21 03:18:32', '2024-11-21 03:18:32'),
(247, 'El principito ', 'public_html/book_covers/247.jpg', 33, 15, 1, 4, 63, 1, 1, 0, NULL, '2024-11-21 03:18:32', '2024-11-21 03:18:32'),
(248, 'El extraño caso del Dr. Jekyll y Mr. Hyde', 'public_html/book_covers/248.jpg', 339, 6, 1, 4, 174, 1, 1, 0, NULL, '2024-11-21 03:18:32', '2024-11-21 03:18:32'),
(249, 'El Mío Cid', 'public_html/book_covers/249.jpg', 384, 23, 1, 4, 107, 1, 1, 0, NULL, '2024-11-21 03:18:32', '2024-11-21 03:18:32'),
(250, 'El último mohicano', 'public_html/book_covers/250.jpg', 132, 5, 1, 4, 63, 1, 4, 0, NULL, '2024-11-21 03:18:32', '2024-11-21 03:18:32'),
(251, 'El principito ', 'public_html/book_covers/251.jpg', 33, 15, 1, 4, 174, 1, 1, 0, NULL, '2024-11-21 03:18:32', '2024-11-21 03:18:32'),
(252, 'El principito ', 'public_html/book_covers/252.jpg', 33, 15, 1, 4, 90, 1, 1, 0, NULL, '2024-11-21 03:18:32', '2024-11-21 03:18:32'),
(253, 'El Socio', 'public_html/book_covers/253.jpg', 209, 1, 1, 4, 90, 1, 3, 0, NULL, '2024-11-21 03:18:32', '2024-11-21 03:18:32'),
(254, 'El Medico a palos', 'public_html/book_covers/254.jpg', 303, 22, 1, 4, 90, 1, 1, 0, NULL, '2024-11-21 03:18:32', '2024-11-21 03:18:32'),
(255, 'El Conde Lucanor', 'public_html/book_covers/255.jpg', 92, 51, 1, 4, 90, 1, 1, 0, NULL, '2024-11-21 03:18:32', '2024-11-21 03:18:32'),
(256, 'El hombre Invisible', NULL, 423, 11, 1, 4, 12, 1, 3, 0, NULL, '2024-11-21 03:18:32', '2024-11-21 03:18:32'),
(257, 'El gran Gatsby', 'public_html/book_covers/257.jpg', 129, 1, 1, 4, 12, 1, 1, 0, NULL, '2024-11-21 03:18:32', '2024-11-21 03:18:32'),
(258, 'El hombre de la rosa y otros cuentos', 'public_html/book_covers/258.jpg', 271, 17, 1, 4, 63, 1, 1, 0, NULL, '2024-11-21 03:18:32', '2024-11-21 03:18:32'),
(259, 'El burlador de Sevilla', 'public_html/book_covers/259.jpg', 364, 13, 1, 4, 160, 1, 1, 0, NULL, '2024-11-21 03:18:32', '2024-11-21 03:18:32'),
(260, 'El burlador de Sevilla', 'public_html/book_covers/260.jpg', 364, 13, 1, 4, 90, 1, 2, 0, NULL, '2024-11-21 03:18:32', '2024-11-21 03:18:32'),
(261, 'El burlador de Sevilla', 'public_html/book_covers/261.jpg', 364, 13, 1, 4, 36, 1, 1, 0, NULL, '2024-11-21 03:18:32', '2024-11-21 03:18:32'),
(262, 'El Mejor Alcalde, El Rey Fuente Ovejuna', 'public_html/book_covers/262.jpg', 255, 13, 1, 4, 108, 1, 1, 0, NULL, '2024-11-21 03:18:32', '2024-11-21 03:18:32'),
(263, 'El Rey de los atunes y las aventuras de totora', 'public_html/book_covers/263.jpg', 177, 15, 1, 4, 109, 1, 1, 0, NULL, '2024-11-21 03:18:32', '2024-11-21 03:18:32'),
(264, 'El Rey Lear', 'public_html/book_covers/264.jpg', 376, 14, 1, 4, 102, 1, 1, 0, NULL, '2024-11-21 03:18:32', '2024-11-21 03:18:32'),
(265, 'El loro Pelado y otros cuentos de la selva', 'public_html/book_covers/265.jpg', 179, 17, 1, 4, 166, 1, 1, 0, NULL, '2024-11-21 03:18:32', '2024-11-21 03:18:32'),
(266, 'Edipo Rey', 'public_html/book_covers/266.jpg', 361, 14, 1, 4, 160, 1, 1, 0, NULL, '2024-11-21 03:18:32', '2024-11-21 03:18:32'),
(267, 'El cartero del Rey otros cuentos', 'public_html/book_covers/267.jpg', 326, 18, 1, 4, 12, 1, 1, 0, NULL, '2024-11-21 03:18:32', '2024-11-21 03:18:32'),
(268, 'Valor de vivir', NULL, 398, 48, 4, 4, 96, 1, 1, 0, NULL, '2024-11-21 03:18:32', '2024-11-21 03:18:32'),
(269, 'El castillo negro en el Desierto', 'public_html/book_covers/269.jpg', 27, 1, 1, 4, 12, 1, 1, 0, NULL, '2024-11-21 03:18:32', '2024-11-21 03:18:32'),
(270, 'El Delincuente el vaso de leche El colo-colo y otros cuentos   ', 'public_html/book_covers/270.jpg', 271, 17, 1, 4, 63, 1, 1, 0, NULL, '2024-11-21 03:18:32', '2024-11-21 03:18:32'),
(271, 'El anillo de los Lowenskold', 'public_html/book_covers/271.jpg', 349, 1, 1, 4, 12, 1, 1, 0, NULL, '2024-11-21 03:18:32', '2024-11-21 03:18:32'),
(272, 'El Amor a la vida y negore el cobarde', NULL, 194, 5, 1, 4, 110, 1, 1, 0, NULL, '2024-11-21 03:18:32', '2024-11-21 03:18:32'),
(273, 'El Pirata', 'public_html/book_covers/273.jpg', 372, 2, 1, 4, 160, 1, 1, 0, NULL, '2024-11-21 03:18:32', '2024-11-21 03:18:32'),
(274, 'El niño que se fue en un arbol', 'public_html/book_covers/274.jpg', 196, 15, 1, 4, 12, 1, 1, 0, NULL, '2024-11-21 03:18:32', '2024-11-21 03:18:32'),
(275, 'El Caballero de la armadura oxidada', 'public_html/book_covers/275.jpg', 338, 16, 1, 4, 111, 1, 1, 0, NULL, '2024-11-21 03:18:32', '2024-11-21 03:18:32'),
(276, 'El Hombre del sombrero de Copa', 'public_html/book_covers/276.jpg', 177, 15, 1, 4, 12, 1, 1, 0, NULL, '2024-11-21 03:18:32', '2024-11-21 03:18:32'),
(277, 'El Lazarillo de Tormes', 'public_html/book_covers/277.jpg', 384, 9, 1, 4, 36, 1, 1, 0, NULL, '2024-11-21 03:18:32', '2024-11-21 03:18:32'),
(278, 'El pirata Garrapata', 'public_html/book_covers/278.jpg', 238, 15, 1, 4, 87, 0, 1, 1, NULL, '2024-11-21 03:18:32', '2024-11-21 03:18:32'),
(279, 'El capitán Calzoncillos y el ataque de los retretes parlantes', NULL, 88, 15, 1, 4, 87, 1, 1, 0, NULL, '2024-11-21 03:18:32', '2024-11-21 03:18:32'),
(280, 'El pequeño Vampiro', NULL, 31, 16, 1, 4, 164, 1, 1, 0, NULL, '2024-11-21 03:18:32', '2024-11-21 03:18:32'),
(281, 'El dragon del estanque ', NULL, 346, 5, 1, 4, 12, 1, 1, 0, NULL, '2024-11-21 03:18:32', '2024-11-21 03:18:32'),
(282, 'El pequeño Vampiro y la gran conspiración', 'public_html/book_covers/282.jpg', 31, 16, 1, 4, 164, 1, 1, 0, NULL, '2024-11-21 03:18:32', '2024-11-21 03:18:32'),
(283, 'El Hombre que se puso toda la ropa', 'public_html/book_covers/283.jpg', 22, 15, 1, 4, 164, 1, 1, 0, NULL, '2024-11-21 03:18:32', '2024-11-21 03:18:32'),
(284, 'El Oso Cansado', NULL, 75, 15, 1, 4, 164, 1, 1, 0, NULL, '2024-11-21 03:18:32', '2024-11-21 03:18:32'),
(285, 'El país de los ciegos y el caso del difunto Mr.Evalsham', 'public_html/book_covers/285.jpg', 418, 11, 1, 4, 167, 1, 1, 0, NULL, '2024-11-21 03:18:32', '2024-11-21 03:18:32'),
(286, 'El diario de ana Frank', 'public_html/book_covers/286.jpg', 25, 34, 2, 4, 112, 1, 1, 0, NULL, '2024-11-21 03:18:32', '2024-11-21 03:18:32'),
(287, 'EL GATOPARDO', 'public_html/book_covers/287.jpg', 365, 2, 1, 4, 12, 1, 2, 0, NULL, '2024-11-21 03:18:32', '2024-11-21 03:18:32'),
(288, 'El diía de las Bacterias', 'public_html/book_covers/288.jpg', 406, 16, 1, 4, 109, 1, 2, 0, NULL, '2024-11-21 03:18:32', '2024-11-21 03:18:32'),
(289, 'El polizon de la santa Maria', 'public_html/book_covers/289.jpg', 196, 16, 1, 4, 12, 1, 1, 0, NULL, '2024-11-21 03:18:32', '2024-11-21 03:18:32'),
(290, 'El maravilloso Viaje de Nils Holgersson', 'public_html/book_covers/290.jpg', 349, 15, 1, 4, 63, 1, 2, 0, NULL, '2024-11-21 03:18:32', '2024-11-21 03:18:32'),
(291, 'El maravilloso Viaje de Nils Holgersson', 'public_html/book_covers/291.jpg', 349, 15, 1, 4, 107, 1, 1, 0, NULL, '2024-11-21 03:18:32', '2024-11-21 03:18:32'),
(292, 'El fantasmas de Canterville El Crimen de Lord Arturo Savile ', NULL, 380, 17, 1, 4, 113, 1, 1, 0, NULL, '2024-11-21 03:18:32', '2024-11-21 03:18:32'),
(293, 'El fantas de canterville', 'public_html/book_covers/293.jpg', 380, 17, 1, 4, 63, 1, 1, 0, NULL, '2024-11-21 03:18:32', '2024-11-21 03:18:32'),
(294, 'En el Viejo Almendral', 'public_html/book_covers/294.jpg', 188, 2, 1, 4, 36, 1, 4, 0, NULL, '2024-11-21 03:18:32', '2024-11-21 03:18:32'),
(295, 'El siglo de las luces', 'public_html/book_covers/295.jpg', 13, 2, 1, 4, 176, 1, 1, 0, NULL, '2024-11-21 03:18:32', '2024-11-21 03:18:32'),
(296, 'Leyendas y tradiciones de chile', 'public_html/book_covers/296.jpg', 467, 53, 1, 4, 167, 1, 1, 0, NULL, '2024-11-21 03:18:32', '2024-11-21 03:18:32'),
(297, 'Los pasos perdidos Viaje a la semilla', 'public_html/book_covers/297.jpg', 13, 4, 1, 4, 12, 1, 1, 0, NULL, '2024-11-21 03:18:32', '2024-11-21 03:18:32'),
(298, 'Los conquistadores de la ANTARTIDA', 'public_html/book_covers/298.jpg', 141, 5, 1, 4, 63, 1, 1, 0, NULL, '2024-11-21 03:18:32', '2024-11-21 03:18:32'),
(299, 'Los Grandes de la literatura Chilena', 'public_html/book_covers/299.jpg', 264, 36, 2, 4, 63, 1, 1, 0, NULL, '2024-11-21 03:18:32', '2024-11-21 03:18:32'),
(300, 'El duende del carpintero', NULL, 106, 15, 1, 4, 12, 1, 1, 0, NULL, '2024-11-21 03:18:32', '2024-11-21 03:18:32'),
(301, 'El museo de cera', 'public_html/book_covers/301.jpg', 218, 1, 1, 4, 176, 1, 2, 0, NULL, '2024-11-21 03:18:32', '2024-11-21 03:18:32'),
(302, 'El laberinto de los acertijos', 'public_html/book_covers/302.jpg', 459, 16, 1, 4, 12, 1, 3, 0, NULL, '2024-11-21 03:18:32', '2024-11-21 03:18:32'),
(303, 'El Velero rojo', NULL, 3, 5, 1, 4, 87, 1, 1, 0, NULL, '2024-11-21 03:18:32', '2024-11-21 03:18:32'),
(304, 'El avaro', 'public_html/book_covers/304.jpg', 303, 22, 1, 4, 160, 1, 1, 0, NULL, '2024-11-21 03:18:32', '2024-11-21 03:18:32'),
(305, 'El bosque, un corazon verde', 'public_html/book_covers/305.jpg', 397, 1, 1, 4, 12, 1, 3, 0, NULL, '2024-11-21 03:18:32', '2024-11-21 03:18:32'),
(306, 'El señor josé Tomillo María Juana', 'public_html/book_covers/306.jpg', 187, 15, 1, 4, 12, 1, 4, 0, NULL, '2024-11-21 03:18:32', '2024-11-21 03:18:32'),
(307, 'El carabajo de oro', 'public_html/book_covers/307.jpg', 98, 17, 1, 4, 12, 1, 1, 0, NULL, '2024-11-21 03:18:32', '2024-11-21 03:18:32'),
(308, 'El pez dragon', 'public_html/book_covers/308.jpg', 314, 1, 1, 4, 63, 1, 1, 0, NULL, '2024-11-21 03:18:32', '2024-11-21 03:18:32'),
(309, 'El sí de las niñas ', 'public_html/book_covers/309.jpg', 248, 13, 1, 4, 174, 1, 1, 0, NULL, '2024-11-21 03:18:32', '2024-11-21 03:18:32'),
(310, 'El profesor', 'public_html/book_covers/310.jpg', 67, 1, 1, 4, 12, 1, 1, 0, NULL, '2024-11-21 03:18:32', '2024-11-21 03:18:32'),
(311, 'El aleph ', 'public_html/book_covers/311.jpg', 221, 18, 1, 4, 36, 1, 2, 0, NULL, '2024-11-21 03:18:32', '2024-11-21 03:18:32'),
(312, 'El mercader de venecia', 'public_html/book_covers/312.jpg', 376, 13, 1, 4, 160, 1, 1, 0, NULL, '2024-11-21 03:18:32', '2024-11-21 03:18:32'),
(313, 'El mercader de venecia', 'public_html/book_covers/313.jpg', 376, 13, 1, 4, 107, 1, 1, 0, NULL, '2024-11-21 03:18:32', '2024-11-21 03:18:32'),
(314, 'El sombrero de tres picos El capitan veneno', NULL, 315, 9, 1, 4, 12, 1, 1, 0, NULL, '2024-11-21 03:18:32', '2024-11-21 03:18:32'),
(315, 'El Tunel', 'public_html/book_covers/315.jpg', 127, 12, 1, 4, 96, 1, 1, 0, NULL, '2024-11-21 03:18:32', '2024-11-21 03:18:32'),
(316, 'El Gran Teatro del mundo', 'public_html/book_covers/316.jpg', 55, 13, 1, 4, 107, 1, 1, 0, NULL, '2024-11-21 03:18:32', '2024-11-21 03:18:32'),
(317, 'El Lazarillo de Tormes', 'public_html/book_covers/317.jpg', 384, 9, 1, 4, 107, 1, 1, 0, NULL, '2024-11-21 03:18:32', '2024-11-21 03:18:32'),
(318, 'El Rey Tunix', NULL, 302, 15, 1, 4, 87, 1, 1, 0, NULL, '2024-11-21 03:18:32', '2024-11-21 03:18:32'),
(319, 'El mejor alcalde, El Rey', 'public_html/book_covers/319.jpg', 255, 13, 1, 4, 160, 1, 1, 0, NULL, '2024-11-21 03:18:32', '2024-11-21 03:18:32'),
(320, 'Mi tio ventura', 'public_html/book_covers/320.jpg', 126, 9, 1, 5, 63, 1, 2, 0, NULL, '2024-11-21 03:18:32', '2024-11-21 03:18:32'),
(321, 'La sede de la soberbia', 'public_html/book_covers/321.jpg', 215, 6, 1, 5, 1, 1, 1, 0, NULL, '2024-11-21 03:18:32', '2024-11-21 03:18:32'),
(322, 'Mi amigo el negro', 'public_html/book_covers/322.jpg', 406, 19, 1, 5, 8, 1, 2, 0, NULL, '2024-11-21 03:18:32', '2024-11-21 03:18:32'),
(323, 'Un dia en la vida de Maximo, Poeta Romano', 'public_html/book_covers/323.jpg', 196, 16, 1, 5, 63, 1, 1, 0, NULL, '2024-11-21 03:18:32', '2024-11-21 03:18:32'),
(324, 'Mi mujer flores tardias', NULL, 37, 17, 1, 5, 12, 1, 1, 0, NULL, '2024-11-21 03:18:32', '2024-11-21 03:18:32'),
(325, 'Eloisa y su gato botas', 'public_html/book_covers/325.jpg', 161, 15, 1, 5, 114, 1, 1, 0, NULL, '2024-11-21 03:18:32', '2024-11-21 03:18:32'),
(326, 'La noche de Santa Cruz', NULL, 65, 6, 1, 5, 12, 1, 1, 0, NULL, '2024-11-21 03:18:32', '2024-11-21 03:18:32'),
(327, 'La fiesta del rey acab', NULL, 116, 2, 1, 5, 115, 1, 1, 0, NULL, '2024-11-21 03:18:32', '2024-11-21 03:18:32'),
(328, 'La cabaña del tio Tom', NULL, 400, 1, 1, 5, 63, 1, 2, 0, NULL, '2024-11-21 03:18:32', '2024-11-21 03:18:32'),
(329, 'La cabaña del tio Tom', NULL, 171, 1, 1, 5, 107, 1, 2, 0, NULL, '2024-11-21 03:18:32', '2024-11-21 03:18:32'),
(330, 'La cabaña del tio Tom', NULL, 171, 1, 1, 5, 160, 1, 2, 0, NULL, '2024-11-21 03:18:32', '2024-11-21 03:18:32'),
(331, 'Burocracia en la sociedad moderna', 'public_html/book_covers/331.jpg', 449, 43, 3, 5, 12, 1, 1, 0, NULL, '2024-11-21 03:18:32', '2024-11-21 03:18:32'),
(332, 'La muerte de Artemio Cruz', 'public_html/book_covers/332.jpg', 59, 1, 1, 5, 151, 1, 1, 0, NULL, '2024-11-21 03:18:32', '2024-11-21 03:18:32'),
(333, 'La fiesta del corpus de los indios chiquitos', 'public_html/book_covers/333.jpg', 436, 2, 2, 5, 12, 1, 1, 0, NULL, '2024-11-21 03:18:32', '2024-11-21 03:18:32'),
(334, 'El lobo de mar', 'public_html/book_covers/334.jpg', 194, 5, 1, 5, 12, 1, 1, 0, NULL, '2024-11-21 03:18:32', '2024-11-21 03:18:32'),
(335, 'La Iliada', 'public_html/book_covers/335.jpg', 178, 22, 1, 5, 107, 1, 2, 0, NULL, '2024-11-21 03:18:32', '2024-11-21 03:18:32'),
(336, 'La Iliada', 'public_html/book_covers/336.jpg', 178, 22, 1, 5, 174, 1, 1, 0, NULL, '2024-11-21 03:18:32', '2024-11-21 03:18:32'),
(337, 'La Iliada', 'public_html/book_covers/337.jpg', 178, 22, 1, 5, 12, 1, 1, 0, NULL, '2024-11-21 03:18:32', '2024-11-21 03:18:32'),
(338, 'La Iliada', 'public_html/book_covers/338.jpg', 178, 22, 1, 5, 40, 1, 1, 0, NULL, '2024-11-21 03:18:32', '2024-11-21 03:18:32'),
(339, 'La Iliada', 'public_html/book_covers/339.jpg', 178, 22, 1, 5, 116, 1, 1, 0, NULL, '2024-11-21 03:18:32', '2024-11-21 03:18:32'),
(340, 'La hojarasca', 'public_html/book_covers/340.jpg', 154, 1, 1, 5, 58, 1, 1, 0, NULL, '2024-11-21 03:18:32', '2024-11-21 03:18:32'),
(341, 'Mirando al futuro', 'public_html/book_covers/341.jpg', 17, 29, 3, 5, 96, 1, 1, 0, NULL, '2024-11-21 03:18:32', '2024-11-21 03:18:32'),
(342, 'Miguel Strogoff', 'public_html/book_covers/342.jpg', 243, 5, 1, 5, 160, 1, 1, 0, NULL, '2024-11-21 03:18:32', '2024-11-21 03:18:32'),
(343, 'Mitos y leyendas chilenas', 'public_html/book_covers/343.jpg', 410, 53, 1, 5, 63, 1, 1, 0, NULL, '2024-11-21 03:18:32', '2024-11-21 03:18:32'),
(344, 'Manual de urbanidad para pirulos', 'public_html/book_covers/344.jpg', 222, 20, 1, 5, 31, 1, 1, 0, NULL, '2024-11-21 03:18:32', '2024-11-21 03:18:32'),
(345, 'Mas alla de las cosas', NULL, 57, 31, 4, 5, 101, 1, 1, 0, NULL, '2024-11-21 03:18:32', '2024-11-21 03:18:32'),
(346, 'Montaña Adentro', 'public_html/book_covers/346.jpg', 291, 9, 1, 5, 90, 1, 2, 0, NULL, '2024-11-21 03:18:32', '2024-11-21 03:18:32'),
(347, 'Muerte para una vida', NULL, 450, 1, 1, 5, 8, 1, 1, 0, NULL, '2024-11-21 03:18:32', '2024-11-21 03:18:32'),
(348, 'Mi angel de la guarda', 'public_html/book_covers/348.jpg', 244, 15, 1, 5, 12, 1, 1, 0, NULL, '2024-11-21 03:18:32', '2024-11-21 03:18:32'),
(349, 'Marie Curie', 'public_html/book_covers/349.jpg', 286, 34, 2, 5, 87, 1, 1, 0, NULL, '2024-11-21 03:18:32', '2024-11-21 03:18:32'),
(350, 'Memorias del General Morazan', 'public_html/book_covers/350.jpg', 142, 2, 2, 5, 96, 1, 1, 0, NULL, '2024-11-21 03:18:32', '2024-11-21 03:18:32'),
(351, 'Mañana sera mejor', 'public_html/book_covers/351.jpg', 57, 31, 4, 5, 101, 1, 1, 0, NULL, '2024-11-21 03:18:32', '2024-11-21 03:18:32'),
(352, 'Martin Fierro', NULL, 225, 12, 1, 5, 107, 1, 1, 0, NULL, '2024-11-21 03:18:32', '2024-11-21 03:18:32'),
(353, 'Martin Fierro', NULL, 225, 12, 1, 5, 90, 1, 2, 0, NULL, '2024-11-21 03:18:32', '2024-11-21 03:18:32'),
(354, 'Mundos posibles', NULL, 377, 11, 1, 5, 117, 1, 1, 0, NULL, '2024-11-21 03:18:32', '2024-11-21 03:18:32'),
(355, 'Madame Bovary', 'public_html/book_covers/355.jpg', 166, 3, 1, 5, 90, 1, 2, 0, NULL, '2024-11-21 03:18:32', '2024-11-21 03:18:32'),
(356, 'Madame Bovary', 'public_html/book_covers/356.jpg', 166, 3, 1, 5, 118, 1, 1, 0, NULL, '2024-11-21 03:18:32', '2024-11-21 03:18:32'),
(357, 'Martin Rivas', 'public_html/book_covers/357.jpg', 7, 2, 1, 5, 112, 1, 1, 0, NULL, '2024-11-21 03:18:32', '2024-11-21 03:18:32'),
(358, 'Martin Rivas', 'public_html/book_covers/358.jpg', 7, 2, 1, 5, 40, 1, 1, 0, NULL, '2024-11-21 03:18:32', '2024-11-21 03:18:32');
INSERT INTO `libros` (`id`, `titulo`, `caratula`, `id_autor`, `id_genero`, `id_categoria`, `id_repisa`, `id_editorial`, `disponible`, `cantidad`, `copias_prestadas`, `descripcion`, `created_at`, `updated_at`) VALUES
(359, 'Martin Rivas', 'public_html/book_covers/359.jpg', 7, 2, 1, 5, 90, 1, 1, 0, NULL, '2024-11-21 03:18:32', '2024-11-21 03:18:32'),
(360, 'Martin Rivas 1 Parte', 'public_html/book_covers/360.jpg', 7, 2, 1, 5, 107, 1, 1, 0, NULL, '2024-11-21 03:18:32', '2024-11-21 03:18:32'),
(361, 'Martin Rivas 2 Parte', 'public_html/book_covers/361.jpg', 7, 2, 1, 5, 107, 1, 1, 0, NULL, '2024-11-21 03:18:32', '2024-11-21 03:18:32'),
(362, 'Mio Cid campeador hazaña', NULL, 369, 23, 1, 5, 12, 1, 3, 0, NULL, '2024-11-21 03:18:32', '2024-11-21 03:18:32'),
(363, 'Un dia en la vida de Makarina, Bella de Rapa Nui', NULL, 196, 16, 1, 5, 63, 1, 1, 0, NULL, '2024-11-21 03:18:32', '2024-11-21 03:18:32'),
(364, 'Mas aca del paraiso', 'public_html/book_covers/364.jpg', 140, 1, 1, 5, 12, 1, 1, 0, NULL, '2024-11-21 03:18:32', '2024-11-21 03:18:32'),
(365, 'Moby Dick', 'public_html/book_covers/365.jpg', 175, 5, 1, 5, 107, 1, 13, 0, NULL, '2024-11-21 03:18:32', '2024-11-21 03:18:32'),
(366, 'Maigret', 'public_html/book_covers/366.jpg', 458, 6, 1, 5, 4, 1, 1, 0, NULL, '2024-11-21 03:18:32', '2024-11-21 03:18:32'),
(367, 'Molinete ', NULL, 321, 15, 1, 5, 87, 1, 1, 0, NULL, '2024-11-21 03:18:32', '2024-11-21 03:18:32'),
(368, 'Maria', 'public_html/book_covers/368.jpg', 220, 3, 1, 5, 174, 1, 5, 0, NULL, '2024-11-21 03:18:32', '2024-11-21 03:18:32'),
(369, 'Maria', 'public_html/book_covers/369.jpg', 220, 3, 1, 5, 103, 1, 1, 0, NULL, '2024-11-21 03:18:32', '2024-11-21 03:18:32'),
(370, 'Cuentos de Oscar Wilde', 'public_html/book_covers/370.jpg', 380, 17, 1, 5, 174, 1, 1, 0, NULL, '2024-11-21 03:18:32', '2024-11-21 03:18:32'),
(371, 'La familia lopez', 'public_html/book_covers/371.jpg', 279, 15, 1, 5, 12, 1, 3, 0, NULL, '2024-11-21 03:18:32', '2024-11-21 03:18:32'),
(372, 'Leyendas Argentina', 'public_html/book_covers/372.jpg', 162, 53, 1, 5, 12, 1, 2, 1, NULL, '2024-11-21 03:18:32', '2024-11-21 03:18:32'),
(373, 'La redaccion', 'public_html/book_covers/373.jpg', 404, 16, 1, 5, 120, 1, 3, 0, NULL, '2024-11-21 03:18:32', '2024-11-21 03:18:32'),
(374, 'La celestina', 'public_html/book_covers/374.jpg', 135, 13, 1, 5, 107, 1, 1, 0, NULL, '2024-11-21 03:18:32', '2024-11-21 03:18:32'),
(375, 'La celestina', 'public_html/book_covers/375.jpg', 135, 13, 1, 5, 168, 1, 1, 0, NULL, '2024-11-21 03:18:32', '2024-11-21 03:18:32'),
(376, 'La araucana', 'public_html/book_covers/376.jpg', 24, 22, 1, 5, 30, 1, 2, 0, NULL, '2024-11-21 03:18:32', '2024-11-21 03:18:32'),
(377, 'La araucana', 'public_html/book_covers/377.jpg', 24, 22, 1, 5, 107, 1, 1, 0, NULL, '2024-11-21 03:18:32', '2024-11-21 03:18:32'),
(378, 'La gitanilla', 'public_html/book_covers/378.jpg', 300, 9, 1, 5, 107, 1, 1, 0, NULL, '2024-11-21 03:18:32', '2024-11-21 03:18:32'),
(379, 'La gente de Smiley', NULL, 433, 10, 1, 5, 58, 1, 1, 0, NULL, '2024-11-21 03:18:32', '2024-11-21 03:18:32'),
(380, 'Crepusculario', 'public_html/book_covers/380.jpg', 312, 24, 1, 5, 121, 1, 1, 0, NULL, '2024-11-21 03:18:32', '2024-11-21 03:18:32'),
(381, 'La mujer rota', NULL, 354, 29, 2, 5, 176, 1, 1, 0, NULL, '2024-11-21 03:18:32', '2024-11-21 03:18:32'),
(382, 'La Peste', 'public_html/book_covers/382.jpg', 6, 4, 1, 5, 176, 1, 1, 0, NULL, '2024-11-21 03:18:32', '2024-11-21 03:18:32'),
(383, 'La revolucion y la guerra de España', 'public_html/book_covers/383.jpg', 319, 45, 2, 5, 151, 1, 1, 0, NULL, '2024-11-21 03:18:32', '2024-11-21 03:18:32'),
(384, 'Mountolive', 'public_html/book_covers/384.jpg', 247, 1, 1, 5, 122, 1, 1, 0, NULL, '2024-11-21 03:18:32', '2024-11-21 03:18:32'),
(385, 'La maravillosa medicina de Jorge', 'public_html/book_covers/385.jpg', 337, 15, 1, 5, 164, 1, 1, 0, NULL, '2024-11-21 03:18:32', '2024-11-21 03:18:32'),
(386, 'Cuentos Chilenos', 'public_html/book_covers/386.jpg', 441, 17, 1, 5, 160, 1, 1, 0, NULL, '2024-11-21 03:18:32', '2024-11-21 03:18:32'),
(387, 'La liga de pimpinela escarlata', 'public_html/book_covers/387.jpg', 44, 5, 1, 5, 40, 1, 1, 0, NULL, '2024-11-21 03:18:32', '2024-11-21 03:18:32'),
(388, 'La vida simplemente', 'public_html/book_covers/388.jpg', 309, 9, 1, 5, 90, 1, 1, 0, NULL, '2024-11-21 03:18:32', '2024-11-21 03:18:32'),
(389, 'Los Conquistadores de la antartida', 'public_html/book_covers/389.jpg', 141, 5, 1, 5, 63, 1, 1, 0, NULL, '2024-11-21 03:18:32', '2024-11-21 03:18:32'),
(390, 'Mujercitas ', 'public_html/book_covers/390.jpg', 257, 16, 1, 5, 123, 1, 1, 0, NULL, '2024-11-21 03:18:32', '2024-11-21 03:18:32'),
(391, 'Mujercitas ', 'public_html/book_covers/391.jpg', 257, 16, 1, 5, 107, 1, 8, 1, NULL, '2024-11-21 03:18:32', '2024-11-21 03:18:32'),
(392, 'Mujercitas ', 'public_html/book_covers/392.jpg', 257, 16, 1, 5, 63, 0, 1, 1, NULL, '2024-11-21 03:18:32', '2024-11-21 03:18:32'),
(393, 'La noche de los tiempos', 'public_html/book_covers/393.jpg', 335, 11, 1, 5, 1, 1, 1, 0, NULL, '2024-11-21 03:18:32', '2024-11-21 03:18:32'),
(394, 'Aventuras de Marco Polo', NULL, 276, 19, 2, 5, 12, 1, 1, 0, NULL, '2024-11-21 03:18:32', '2024-11-21 03:18:32'),
(395, 'Mi querido enemigo', NULL, 207, 16, 1, 5, 63, 1, 1, 0, NULL, '2024-11-21 03:18:32', '2024-11-21 03:18:32'),
(396, 'Mi querido enemigo', NULL, 207, 16, 1, 5, 174, 1, 1, 0, NULL, '2024-11-21 03:18:32', '2024-11-21 03:18:32'),
(397, 'Mi hermana Clara y el angel de la guarda', 'public_html/book_covers/397.jpg', 91, 15, 1, 5, 124, 1, 1, 0, NULL, '2024-11-21 03:18:32', '2024-11-21 03:18:32'),
(398, 'Mi hermana Clara y el muñeco de nieve', 'public_html/book_covers/398.jpg', 91, 15, 1, 5, 124, 1, 1, 0, NULL, '2024-11-21 03:18:32', '2024-11-21 03:18:32'),
(399, 'My beautiful people mi gente linda', 'public_html/book_covers/399.jpg', 30, 19, 1, 5, 125, 1, 1, 0, NULL, '2024-11-21 03:18:32', '2024-11-21 03:18:32'),
(400, 'Mendelson y las ratas', NULL, 211, 17, 1, 5, 87, 1, 1, 0, NULL, '2024-11-21 03:18:32', '2024-11-21 03:18:32'),
(401, 'Mas historias de Franz', NULL, 70, 15, 1, 5, 12, 1, 1, 0, NULL, '2024-11-21 03:18:32', '2024-11-21 03:18:32'),
(402, 'Medallones de sol Medallones de luna', 'public_html/book_covers/402.jpg', 60, 17, 1, 5, 63, 1, 1, 0, NULL, '2024-11-21 03:18:32', '2024-11-21 03:18:32'),
(403, 'Mariuca', 'public_html/book_covers/403.jpg', 32, 15, 1, 5, 124, 1, 1, 0, NULL, '2024-11-21 03:18:32', '2024-11-21 03:18:32'),
(404, 'Marianela', 'public_html/book_covers/404.jpg', 45, 1, 1, 5, 90, 1, 2, 0, NULL, '2024-11-21 03:18:32', '2024-11-21 03:18:32'),
(405, 'Mi planta de naranja-lima', 'public_html/book_covers/405.jpg', 233, 15, 1, 5, 126, 1, 1, 0, NULL, '2024-11-21 03:18:32', '2024-11-21 03:18:32'),
(406, 'Mundo del fin del mundo', 'public_html/book_covers/406.jpg', 266, 5, 1, 5, 127, 1, 1, 0, NULL, '2024-11-21 03:18:32', '2024-11-21 03:18:32'),
(407, 'Cuentos para marisol', 'public_html/book_covers/407.jpg', 291, 15, 1, 6, 63, 1, 3, 0, NULL, '2024-11-21 03:18:32', '2024-11-21 03:18:32'),
(408, 'Cuentos: Anton Chejov', 'public_html/book_covers/408.jpg', 386, 17, 1, 6, 90, 1, 2, 0, NULL, '2024-11-21 03:18:32', '2024-11-21 03:18:32'),
(409, 'Cuentos hispanoamericanos', 'public_html/book_covers/409.jpg', 200, 17, 1, 6, 90, 1, 2, 0, NULL, '2024-11-21 03:18:32', '2024-11-21 03:18:32'),
(410, 'Cinco semanas en globo', 'public_html/book_covers/410.jpg', 243, 5, 1, 6, 160, 1, 2, 0, NULL, '2024-11-21 03:18:32', '2024-11-21 03:18:32'),
(411, 'Cuentos para niños', 'public_html/book_covers/411.jpg', 249, 15, 1, 6, 63, 1, 1, 0, NULL, '2024-11-21 03:18:32', '2024-11-21 03:18:32'),
(412, 'Cuentos folcloricos para niños', 'public_html/book_covers/412.jpg', 138, 15, 1, 6, 12, 1, 1, 0, NULL, '2024-11-21 03:18:32', '2024-11-21 03:18:32'),
(413, 'Cuentos chilenos', 'public_html/book_covers/413.jpg', 50, 17, 1, 6, 63, 1, 1, 0, NULL, '2024-11-21 03:18:32', '2024-11-21 03:18:32'),
(414, 'Cuentos de chile 2', 'public_html/book_covers/414.jpg', 410, 17, 1, 6, 63, 1, 1, 0, NULL, '2024-11-21 03:18:32', '2024-11-21 03:18:32'),
(415, 'cuentos para mis hijos', NULL, 179, 17, 1, 6, 63, 1, 1, 0, NULL, '2024-11-21 03:18:32', '2024-11-21 03:18:32'),
(416, 'Cuentos a beatriz', 'public_html/book_covers/416.jpg', 128, 17, 1, 6, 63, 1, 2, 0, NULL, '2024-11-21 03:18:32', '2024-11-21 03:18:32'),
(417, 'cuentos de amor, locura y de muerte', 'public_html/book_covers/417.jpg', 179, 17, 1, 6, 107, 1, 1, 0, NULL, '2024-11-21 03:18:32', '2024-11-21 03:18:32'),
(418, 'cuentos de amor, locura y de muerte', 'public_html/book_covers/418.jpg', 179, 17, 1, 6, 90, 1, 2, 0, NULL, '2024-11-21 03:18:32', '2024-11-21 03:18:32'),
(419, 'cuentos de amor, locura y de muerte', 'public_html/book_covers/419.jpg', 179, 17, 1, 6, 12, 1, 1, 0, NULL, '2024-11-21 03:18:32', '2024-11-21 03:18:32'),
(420, 'cuentos de amor, locura y de muerte', 'public_html/book_covers/420.jpg', 179, 17, 1, 6, 63, 1, 1, 0, NULL, '2024-11-21 03:18:32', '2024-11-21 03:18:32'),
(421, 'Cuentos araucanos', 'public_html/book_covers/421.jpg', 20, 18, 1, 6, 12, 1, 2, 0, NULL, '2024-11-21 03:18:32', '2024-11-21 03:18:32'),
(422, 'Cuentos de la selva', 'public_html/book_covers/422.jpg', 179, 15, 1, 6, 107, 1, 1, 0, NULL, '2024-11-21 03:18:32', '2024-11-21 03:18:32'),
(423, 'Cuentos de la selva', 'public_html/book_covers/423.jpg', 179, 15, 1, 6, 63, 1, 2, 0, NULL, '2024-11-21 03:18:32', '2024-11-21 03:18:32'),
(424, 'Cuentos de la selva', 'public_html/book_covers/424.jpg', 179, 15, 1, 6, 174, 1, 1, 0, NULL, '2024-11-21 03:18:32', '2024-11-21 03:18:32'),
(425, 'Historia de la literatura griega', NULL, 53, 36, 2, 6, 151, 1, 1, 0, NULL, '2024-11-21 03:18:32', '2024-11-21 03:18:32'),
(426, 'La iliada', 'public_html/book_covers/426.jpg', 178, 22, 1, 6, 12, 1, 1, 0, NULL, '2024-11-21 03:18:32', '2024-11-21 03:18:32'),
(427, 'Corazon', NULL, 102, 15, 1, 6, 63, 1, 2, 0, NULL, '2024-11-21 03:18:32', '2024-11-21 03:18:32'),
(428, 'Corazon', NULL, 102, 15, 1, 6, 174, 1, 11, 0, NULL, '2024-11-21 03:18:32', '2024-11-21 03:18:32'),
(429, 'Corazon', NULL, 102, 15, 1, 6, 118, 1, 1, 1, NULL, '2024-11-21 03:18:32', '2024-11-21 03:18:32'),
(430, 'Corazon', NULL, 102, 15, 1, 6, 107, 1, 1, 0, NULL, '2024-11-21 03:18:32', '2024-11-21 03:18:32'),
(431, 'Caramelos de menta', 'public_html/book_covers/431.jpg', 61, 16, 1, 6, 87, 1, 1, 0, NULL, '2024-11-21 03:18:32', '2024-11-21 03:18:32'),
(432, 'Comarca del jazmin', 'public_html/book_covers/432.jpg', 309, 1, 1, 6, 12, 1, 1, 0, NULL, '2024-11-21 03:18:32', '2024-11-21 03:18:32'),
(433, 'Cumbres borrascosas', 'public_html/book_covers/433.jpg', 112, 3, 1, 6, 12, 1, 2, 0, NULL, '2024-11-21 03:18:32', '2024-11-21 03:18:32'),
(434, 'Crimen y castigo - Tomo 1', 'public_html/book_covers/434.jpg', 139, 4, 1, 6, 12, 1, 1, 0, NULL, '2024-11-21 03:18:32', '2024-11-21 03:18:32'),
(435, 'Crimen y castigo - Tomo 2', 'public_html/book_covers/435.jpg', 139, 4, 1, 6, 12, 1, 1, 0, NULL, '2024-11-21 03:18:32', '2024-11-21 03:18:32'),
(436, 'Cuentos de la selva', 'public_html/book_covers/436.jpg', 179, 15, 1, 6, 112, 1, 1, 0, NULL, '2024-11-21 03:18:32', '2024-11-21 03:18:32'),
(437, 'Capitanes de plastico', 'public_html/book_covers/437.jpg', 321, 15, 1, 6, 87, 1, 1, 0, NULL, '2024-11-21 03:18:32', '2024-11-21 03:18:32'),
(438, 'Casa de muñecas', 'public_html/book_covers/438.jpg', 115, 13, 1, 6, 174, 1, 1, 0, NULL, '2024-11-21 03:18:32', '2024-11-21 03:18:32'),
(439, 'Cuando los grandes eran chicos', 'public_html/book_covers/439.jpg', 410, 15, 1, 6, 63, 1, 3, 0, NULL, '2024-11-21 03:18:32', '2024-11-21 03:18:32'),
(440, 'Cucho', 'public_html/book_covers/440.jpg', 227, 16, 1, 6, 87, 1, 2, 0, NULL, '2024-11-21 03:18:32', '2024-11-21 03:18:32'),
(441, 'Como en santiago', 'public_html/book_covers/441.jpg', 82, 13, 1, 6, 129, 1, 1, 0, NULL, '2024-11-21 03:18:32', '2024-11-21 03:18:32'),
(442, 'Como en santiago', 'public_html/book_covers/442.jpg', 82, 13, 1, 6, 130, 1, 1, 0, NULL, '2024-11-21 03:18:32', '2024-11-21 03:18:32'),
(443, 'Como en santiago', 'public_html/book_covers/443.jpg', 82, 13, 1, 6, 90, 1, 2, 0, NULL, '2024-11-21 03:18:32', '2024-11-21 03:18:32'),
(444, 'Cuentos de las colinas', 'public_html/book_covers/444.jpg', 345, 17, 1, 6, 12, 1, 1, 0, NULL, '2024-11-21 03:18:32', '2024-11-21 03:18:32'),
(445, 'Cuentos elegidos', 'public_html/book_covers/445.jpg', 380, 17, 1, 6, 174, 1, 1, 0, NULL, '2024-11-21 03:18:32', '2024-11-21 03:18:32'),
(446, 'Cuentos del tio jaun, El zorro culpeo', 'public_html/book_covers/446.jpg', 348, 18, 1, 6, 63, 1, 1, 0, NULL, '2024-11-21 03:18:32', '2024-11-21 03:18:32'),
(447, 'Cuentos para adolescentes romanticos', 'public_html/book_covers/447.jpg', 348, 16, 1, 6, 63, 1, 1, 0, NULL, '2024-11-21 03:18:32', '2024-11-21 03:18:32'),
(448, 'Coiron', NULL, 83, 9, 1, 6, 63, 1, 1, 0, NULL, '2024-11-21 03:18:32', '2024-11-21 03:18:32'),
(449, 'Colmillo blanco', 'public_html/book_covers/449.jpg', 194, 5, 1, 6, 174, 1, 2, 0, NULL, '2024-11-21 03:18:32', '2024-11-21 03:18:32'),
(450, 'Cuando el mar se retira', 'public_html/book_covers/450.jpg', 39, 9, 1, 6, 18, 1, 1, 0, NULL, '2024-11-21 03:18:32', '2024-11-21 03:18:32'),
(451, 'Cuando nada te basta', 'public_html/book_covers/451.jpg', 170, 48, 4, 6, 1, 1, 1, 0, NULL, '2024-11-21 03:18:32', '2024-11-21 03:18:32'),
(452, '16 cuentos latinoamericanos', 'public_html/book_covers/452.jpg', 391, 17, 1, 6, 131, 1, 1, 0, NULL, '2024-11-21 03:18:32', '2024-11-21 03:18:32'),
(453, 'Chile revolucion silenciosa', 'public_html/book_covers/453.jpg', 213, 30, 3, 6, 63, 1, 2, 0, NULL, '2024-11-21 03:18:32', '2024-11-21 03:18:32'),
(454, 'Casados ante dios', 'public_html/book_covers/454.jpg', 151, 49, 4, 6, 1, 1, 1, 0, NULL, '2024-11-21 03:18:32', '2024-11-21 03:18:32'),
(455, 'Cuentos de la Alhambra', 'public_html/book_covers/455.jpg', 373, 18, 1, 6, 132, 1, 1, 0, NULL, '2024-11-21 03:18:32', '2024-11-21 03:18:32'),
(456, 'Cuentos de chile 1', 'public_html/book_covers/456.jpg', 410, 17, 1, 6, 63, 1, 1, 0, NULL, '2024-11-21 03:18:32', '2024-11-21 03:18:32'),
(457, 'Camino de perfeccion', 'public_html/book_covers/457.jpg', 322, 4, 1, 6, 8, 1, 1, 0, NULL, '2024-11-21 03:18:32', '2024-11-21 03:18:32'),
(458, 'Cuando el viento desaparecio; mac, el microbio desconocido', NULL, 177, 15, 1, 6, 63, 1, 1, 0, NULL, '2024-11-21 03:18:32', '2024-11-21 03:18:32'),
(459, 'Condenado por desconfiado', NULL, 364, 13, 1, 6, 174, 1, 5, 0, NULL, '2024-11-21 03:18:32', '2024-11-21 03:18:32'),
(460, 'El poema del mio cid', NULL, 384, 23, 1, 6, 174, 1, 1, 0, NULL, '2024-11-21 03:18:32', '2024-11-21 03:18:32'),
(461, 'El gigante egoista y otros cuentos', NULL, 380, 17, 1, 6, 12, 1, 1, 0, NULL, '2024-11-21 03:18:32', '2024-11-21 03:18:32'),
(462, 'El jardinero', 'public_html/book_covers/462.jpg', 326, 18, 1, 6, 160, 1, 3, 0, NULL, '2024-11-21 03:18:32', '2024-11-21 03:18:32'),
(463, 'El si de las niñas', 'public_html/book_covers/463.jpg', 246, 13, 1, 6, 107, 1, 1, 0, NULL, '2024-11-21 03:18:32', '2024-11-21 03:18:32'),
(464, 'Cyrano de bergerac', 'public_html/book_covers/464.jpg', 101, 13, 1, 6, 160, 1, 1, 0, NULL, '2024-11-21 03:18:32', '2024-11-21 03:18:32'),
(465, 'El profeta', 'public_html/book_covers/465.jpg', 245, 37, 4, 6, 133, 1, 1, 0, NULL, '2024-11-21 03:18:32', '2024-11-21 03:18:32'),
(466, 'Cinco semanas en globo', 'public_html/book_covers/466.jpg', 243, 5, 1, 6, 63, 1, 1, 0, NULL, '2024-11-21 03:18:32', '2024-11-21 03:18:32'),
(467, 'El profeta / El loco vagabundo', NULL, 159, 37, 4, 6, 134, 1, 1, 0, NULL, '2024-11-21 03:18:32', '2024-11-21 03:18:32'),
(468, 'Cuentos H. C. andersen', 'public_html/book_covers/468.jpg', 416, 18, 1, 6, 160, 1, 1, 0, NULL, '2024-11-21 03:18:32', '2024-11-21 03:18:32'),
(469, 'Canciones de arauco', 'public_html/book_covers/469.jpg', 347, 25, 1, 6, 96, 1, 1, 0, NULL, '2024-11-21 03:18:32', '2024-11-21 03:18:32'),
(470, 'Cinco semanas en globo', 'public_html/book_covers/470.jpg', 243, 5, 1, 6, 169, 1, 1, 0, NULL, '2024-11-21 03:18:32', '2024-11-21 03:18:32'),
(471, 'Como transformar a la gente en personas positivas', 'public_html/book_covers/471.jpg', 440, 48, 4, 6, 12, 1, 1, 0, NULL, '2024-11-21 03:18:32', '2024-11-21 03:18:32'),
(472, 'El viejo y el mar', 'public_html/book_covers/472.jpg', 123, 1, 1, 6, 160, 1, 1, 0, NULL, '2024-11-21 03:18:32', '2024-11-21 03:18:32'),
(473, 'Como suprimir las preocupaciones y disfrutar de la vida', 'public_html/book_covers/473.jpg', 81, 48, 4, 6, 24, 1, 1, 0, NULL, '2024-11-21 03:18:32', '2024-11-21 03:18:32'),
(474, 'La conquista de la voluntad', 'public_html/book_covers/474.jpg', 117, 48, 4, 6, 136, 1, 1, 0, NULL, '2024-11-21 03:18:32', '2024-11-21 03:18:32'),
(475, 'proyecto - Constitucion politica de la republica de chile', 'public_html/book_covers/475.jpg', 460, 30, 3, 6, 137, 1, 1, 0, NULL, '2024-11-21 03:18:32', '2024-11-21 03:18:32'),
(476, 'Constitucion politica de la republica de chile 1994', NULL, 467, 40, 3, 6, 138, 1, 1, 0, NULL, '2024-11-21 03:18:32', '2024-11-21 03:18:32'),
(477, 'Manual ciudadado: \"Chile eres tu\"', NULL, 467, 58, 3, 6, 96, 1, 1, 0, NULL, '2024-11-21 03:18:32', '2024-11-21 03:18:32'),
(478, 'Constitucion politica de la republica de chile 1999', NULL, 467, 40, 3, 6, 12, 1, 1, 0, NULL, '2024-11-21 03:18:32', '2024-11-21 03:18:32'),
(479, 'Constitucion de la republica de chile', NULL, 136, 40, 3, 6, 149, 1, 5, 0, NULL, '2024-11-21 03:18:32', '2024-11-21 03:18:32'),
(480, 'Como ganar amigos', NULL, 81, 48, 4, 6, 24, 1, 1, 0, NULL, '2024-11-21 03:18:32', '2024-11-21 03:18:32'),
(481, 'Coma', 'public_html/book_covers/481.jpg', 340, 10, 1, 6, 140, 1, 1, 0, NULL, '2024-11-21 03:18:32', '2024-11-21 03:18:32'),
(482, 'Corre cuando diga \"YA\"', 'public_html/book_covers/482.jpg', 426, 6, 1, 6, 1, 1, 1, 0, NULL, '2024-11-21 03:18:32', '2024-11-21 03:18:32'),
(483, 'Gran diccionario ilustrado español - ingles', NULL, 411, 27, 5, 6, 185, 1, 1, 0, NULL, '2024-11-21 03:18:32', '2024-11-21 03:18:32'),
(484, 'Gramatica moderna de la lengua española', 'public_html/book_covers/484.jpg', 438, 32, 5, 6, 185, 1, 1, 0, NULL, '2024-11-21 03:18:32', '2024-11-21 03:18:32'),
(485, 'Cinco semanas en globo', 'public_html/book_covers/485.jpg', 243, 5, 1, 6, 177, 1, 1, 0, NULL, '2024-11-21 03:18:32', '2024-11-21 03:18:32'),
(486, 'El bosque dde los pigmeos', 'public_html/book_covers/486.jpg', 186, 5, 1, 6, 24, 1, 2, 0, NULL, '2024-11-21 03:18:32', '2024-11-21 03:18:32'),
(487, 'Martin rivas - Tomo 2', 'public_html/book_covers/487.jpg', 7, 2, 1, 6, 12, 1, 1, 0, NULL, '2024-11-21 03:18:32', '2024-11-21 03:18:32'),
(488, 'El triangulo de las bermudas', 'public_html/book_covers/488.jpg', 63, 50, 2, 6, 12, 1, 1, 0, NULL, '2024-11-21 03:18:32', '2024-11-21 03:18:32'),
(489, 'Cuento del inca, El llamado de los andes', 'public_html/book_covers/489.jpg', 464, 18, 1, 6, 12, 1, 1, 0, NULL, '2024-11-21 03:18:32', '2024-11-21 03:18:32'),
(490, 'El viaje de los argonautas', 'public_html/book_covers/490.jpg', 38, 22, 1, 6, 12, 1, 1, 0, NULL, '2024-11-21 03:18:32', '2024-11-21 03:18:32'),
(491, 'El polizon de la santa maria', 'public_html/book_covers/491.jpg', 195, 16, 1, 6, 12, 1, 1, 0, NULL, '2024-11-21 03:18:32', '2024-11-21 03:18:32'),
(492, 'Cristobal colon', NULL, 439, 2, 2, 6, 12, 1, 1, 0, NULL, '2024-11-21 03:18:32', '2024-11-21 03:18:32'),
(493, 'Comarca del jazmin', 'public_html/book_covers/493.jpg', 309, 1, 1, 6, 12, 1, 1, 0, NULL, '2024-11-21 03:18:32', '2024-11-21 03:18:32'),
(494, 'Ocho primos', 'public_html/book_covers/494.jpg', 257, 16, 1, 6, 12, 1, 1, 0, NULL, '2024-11-21 03:18:32', '2024-11-21 03:18:32'),
(495, 'El escandalo del padre brown', 'public_html/book_covers/495.jpg', 160, 6, 1, 6, 12, 1, 1, 0, NULL, '2024-11-21 03:18:32', '2024-11-21 03:18:32'),
(496, 'El niño que se fue en un arbol', 'public_html/book_covers/496.jpg', 195, 15, 1, 6, 12, 1, 1, 0, NULL, '2024-11-21 03:18:32', '2024-11-21 03:18:32'),
(497, 'Ciegos', 'public_html/book_covers/497.jpg', 332, 9, 1, 6, 96, 1, 1, 0, NULL, '2024-11-21 03:18:32', '2024-11-21 03:18:32'),
(498, 'El pequeño nicolas', NULL, 350, 15, 1, 6, 99, 1, 1, 0, NULL, '2024-11-21 03:18:32', '2024-11-21 03:18:32'),
(499, 'El Principito', 'public_html/book_covers/499.jpg', 33, 15, 1, 6, 107, 1, 1, 0, NULL, '2024-11-21 03:18:32', '2024-11-21 03:18:32'),
(500, 'La guerra de los mundos', 'public_html/book_covers/500.jpg', 423, 11, 1, 7, 160, 1, 1, 0, NULL, '2024-11-21 03:18:32', '2024-11-21 03:18:32'),
(501, 'Como un rio de leones ', 'public_html/book_covers/501.jpg', 461, 1, 1, 7, 182, 1, 1, 0, NULL, '2024-11-21 03:18:32', '2024-11-21 03:18:32'),
(502, 'El Padrino \"THE GODFATHER\"', 'public_html/book_covers/502.jpg', 287, 1, 1, 7, 23, 1, 1, 0, NULL, '2024-11-21 03:18:32', '2024-11-21 03:18:32'),
(503, 'La niña en la Palomera', 'public_html/book_covers/503.jpg', 134, 1, 1, 7, 96, 1, 1, 0, NULL, '2024-11-21 03:18:32', '2024-11-21 03:18:32'),
(504, 'Los Amigos de ernestina', 'public_html/book_covers/504.jpg', 401, 15, 1, 7, 8, 1, 1, 0, NULL, '2024-11-21 03:18:32', '2024-11-21 03:18:32'),
(505, 'El Diamante Rojo', 'public_html/book_covers/505.jpg', 158, 6, 1, 7, 63, 1, 1, 0, NULL, '2024-11-21 03:18:32', '2024-11-21 03:18:32'),
(506, 'La manta blanca', 'public_html/book_covers/506.jpg', 466, 15, 1, 7, 97, 1, 6, 0, NULL, '2024-11-21 03:18:32', '2024-11-21 03:18:32'),
(507, 'Sin Familia', NULL, 180, 1, 1, 7, 12, 1, 1, 0, NULL, '2024-11-21 03:18:32', '2024-11-21 03:18:32'),
(508, 'Sabotaje 007', NULL, 181, 10, 1, 7, 23, 1, 1, 0, NULL, '2024-11-21 03:18:32', '2024-11-21 03:18:32'),
(509, 'Lo Comido y lo bailado', 'public_html/book_covers/509.jpg', 311, 29, 2, 7, 12, 1, 2, 0, NULL, '2024-11-21 03:18:32', '2024-11-21 03:18:32'),
(510, 'Analisis Literario Educacion Media Chilena', 'public_html/book_covers/510.jpg', 103, 36, 2, 7, 183, 1, 1, 0, NULL, '2024-11-21 03:18:32', '2024-11-21 03:18:32'),
(511, 'El Doctor Jekyll y Mr.Hyde', 'public_html/book_covers/511.jpg', 339, 6, 1, 7, 50, 1, 1, 0, NULL, '2024-11-21 03:18:32', '2024-11-21 03:18:32'),
(512, 'ESPASA CALPE Tomo 5 ', 'public_html/book_covers/512.jpg', 119, 55, 5, 7, 36, 1, 1, 0, NULL, '2024-11-21 03:18:32', '2024-11-21 03:18:32'),
(513, 'La iliada', 'public_html/book_covers/513.jpg', 178, 22, 1, 7, 36, 1, 2, 0, NULL, '2024-11-21 03:18:32', '2024-11-21 03:18:32'),
(514, 'La ciudad y los perros', 'public_html/book_covers/514.jpg', 288, 1, 1, 7, 36, 1, 1, 0, NULL, '2024-11-21 03:18:32', '2024-11-21 03:18:32'),
(515, 'La Dama de las camelias', NULL, 10, 3, 1, 7, 36, 1, 1, 0, NULL, '2024-11-21 03:18:32', '2024-11-21 03:18:32'),
(516, 'Los mifenses', NULL, 456, 1, 1, 7, 87, 1, 1, 0, NULL, '2024-11-21 03:18:32', '2024-11-21 03:18:32'),
(517, 'Los alegres viajeros', 'public_html/book_covers/517.jpg', 442, 1, 1, 7, 87, 1, 1, 0, NULL, '2024-11-21 03:18:32', '2024-11-21 03:18:32'),
(518, 'Los gatos de Venecia y otros Cuentos', 'public_html/book_covers/518.jpg', 429, 17, 1, 7, 63, 1, 1, 0, NULL, '2024-11-21 03:18:32', '2024-11-21 03:18:32'),
(519, 'Los Cretinos ', 'public_html/book_covers/519.jpg', 337, 15, 1, 7, 164, 1, 2, 0, NULL, '2024-11-21 03:18:32', '2024-11-21 03:18:32'),
(520, 'Los cachorros Los Jefes', NULL, 288, 1, 1, 7, 9, 1, 2, 0, NULL, '2024-11-21 03:18:32', '2024-11-21 03:18:32'),
(521, 'Los mejores cuentos para niños', 'public_html/book_covers/521.jpg', 293, 15, 1, 7, 63, 1, 1, 0, NULL, '2024-11-21 03:18:32', '2024-11-21 03:18:32'),
(522, 'Los conquistadores de la antartida', 'public_html/book_covers/522.jpg', 141, 5, 1, 7, 63, 1, 4, 0, NULL, '2024-11-21 03:18:32', '2024-11-21 03:18:32'),
(523, 'Los dias del odio', 'public_html/book_covers/523.jpg', 382, 1, 1, 7, 184, 1, 1, 0, NULL, '2024-11-21 03:18:32', '2024-11-21 03:18:32'),
(524, 'Los Adolecentes y sus Problemas', NULL, 415, 32, 3, 7, 49, 1, 1, 0, NULL, '2024-11-21 03:18:32', '2024-11-21 03:18:32'),
(525, 'Los Romanticos Alemanes', NULL, 430, 31, 2, 7, 163, 1, 1, 0, NULL, '2024-11-21 03:18:32', '2024-11-21 03:18:32'),
(526, 'Los Jefes', NULL, 288, 1, 1, 7, 68, 1, 1, 0, NULL, '2024-11-21 03:18:32', '2024-11-21 03:18:32'),
(527, 'Los románticos ingleses', NULL, 201, 31, 2, 7, 163, 1, 1, 0, NULL, '2024-11-21 03:18:32', '2024-11-21 03:18:32'),
(528, 'Los pies sobre el agua', 'public_html/book_covers/528.jpg', 41, 1, 1, 7, 163, 1, 1, 0, NULL, '2024-11-21 03:18:32', '2024-11-21 03:18:32'),
(529, 'Libro del buen dolor', 'public_html/book_covers/529.jpg', 165, 19, 1, 7, 57, 1, 2, 0, NULL, '2024-11-21 03:18:32', '2024-11-21 03:18:32'),
(530, 'Lo que el viento se llevo Tomo 1', 'public_html/book_covers/530.jpg', 278, 2, 1, 7, 12, 1, 1, 0, NULL, '2024-11-21 03:18:32', '2024-11-21 03:18:32'),
(531, 'Lo que el viento se llevo Tomo 2', 'public_html/book_covers/531.jpg', 278, 2, 1, 7, 12, 1, 1, 0, NULL, '2024-11-21 03:18:32', '2024-11-21 03:18:32'),
(532, 'Pedor Páramo y El llano en llamas', NULL, 239, 19, 1, 7, 3, 1, 1, 0, NULL, '2024-11-21 03:18:32', '2024-11-21 03:18:32'),
(533, 'El ministerio del Miedo ', NULL, 164, 6, 1, 7, 12, 1, 1, 0, NULL, '2024-11-21 03:18:32', '2024-11-21 03:18:32'),
(534, 'Leyendas Medievales', 'public_html/book_covers/534.jpg', 176, 53, 1, 7, 58, 1, 1, 0, NULL, '2024-11-21 03:18:32', '2024-11-21 03:18:32'),
(535, 'Los Intereses Creados', 'public_html/book_covers/535.jpg', 193, 13, 1, 7, 160, 1, 1, 0, NULL, '2024-11-21 03:18:32', '2024-11-21 03:18:32'),
(536, 'Los Hermanos Karamazo Tomo 1', 'public_html/book_covers/536.jpg', 94, 4, 1, 7, 36, 1, 1, 0, NULL, '2024-11-21 03:18:32', '2024-11-21 03:18:32'),
(537, 'Los Hermanos Karamazo Tomo 2', 'public_html/book_covers/537.jpg', 94, 4, 1, 7, 36, 1, 1, 0, NULL, '2024-11-21 03:18:32', '2024-11-21 03:18:32'),
(538, 'Los nuevos líderes', 'public_html/book_covers/538.jpg', 383, 29, 3, 7, 63, 1, 1, 0, NULL, '2024-11-21 03:18:32', '2024-11-21 03:18:32'),
(539, 'Los cuadernos de don Rigoberto', 'public_html/book_covers/539.jpg', 288, 1, 1, 7, 164, 1, 1, 0, NULL, '2024-11-21 03:18:32', '2024-11-21 03:18:32'),
(540, 'Los Horrores de la Siberia', 'public_html/book_covers/540.jpg', 97, 5, 1, 7, 12, 1, 1, 0, NULL, '2024-11-21 03:18:32', '2024-11-21 03:18:32'),
(541, 'Los hombres son de marte y Las mujeres son de venus', 'public_html/book_covers/541.jpg', 216, 48, 4, 7, 60, 0, 1, 1, NULL, '2024-11-21 03:18:32', '2024-11-21 03:18:32'),
(542, 'Los Romances Tradicionales Chilenos', 'public_html/book_covers/542.jpg', 431, 56, 1, 7, 12, 1, 1, 0, NULL, '2024-11-21 03:18:32', '2024-11-21 03:18:32'),
(543, 'Los guardas de la casa', 'public_html/book_covers/543.jpg', 351, 1, 1, 7, 18, 1, 1, 0, NULL, '2024-11-21 03:18:32', '2024-11-21 03:18:32'),
(544, 'Los hijos del capitan grant en america del sur', NULL, 243, 5, 1, 7, 169, 1, 1, 0, NULL, '2024-11-21 03:18:32', '2024-11-21 03:18:32'),
(545, 'Los defectos del niño', 'public_html/book_covers/545.jpg', 95, 42, 3, 7, 61, 1, 1, 0, NULL, '2024-11-21 03:18:32', '2024-11-21 03:18:32'),
(546, 'Los Personajes', NULL, 144, 31, 2, 7, 63, 1, 1, 0, NULL, '2024-11-21 03:18:32', '2024-11-21 03:18:32'),
(547, 'Los condenados de la tierra', 'public_html/book_covers/547.jpg', 145, 30, 3, 7, 151, 1, 1, 0, NULL, '2024-11-21 03:18:32', '2024-11-21 03:18:32'),
(548, 'Los Lusiadas', 'public_html/book_covers/548.jpg', 262, 25, 1, 7, 63, 1, 1, 0, NULL, '2024-11-21 03:18:32', '2024-11-21 03:18:32'),
(549, 'Los hijos del capitan grant Tomo 1', 'public_html/book_covers/549.jpg', 243, 5, 1, 7, 150, 1, 1, 0, NULL, '2024-11-21 03:18:32', '2024-11-21 03:18:32'),
(550, 'Los cuatro amores', 'public_html/book_covers/550.jpg', 54, 37, 4, 7, 8, 1, 1, 0, NULL, '2024-11-21 03:18:32', '2024-11-21 03:18:32'),
(551, 'Los Mercenarios', 'public_html/book_covers/551.jpg', 204, 4, 1, 7, 1, 1, 1, 0, NULL, '2024-11-21 03:18:32', '2024-11-21 03:18:32'),
(552, 'Las tribulaciones de un chino en china', NULL, 243, 5, 1, 7, 169, 1, 3, 0, NULL, '2024-11-21 03:18:32', '2024-11-21 03:18:32'),
(553, 'Las Máscaras ', NULL, 218, 1, 1, 7, 12, 1, 1, 0, NULL, '2024-11-21 03:18:32', '2024-11-21 03:18:32'),
(554, 'Las llaves de san pedro', 'public_html/book_covers/554.jpg', 341, 2, 1, 7, 24, 1, 1, 0, NULL, '2024-11-21 03:18:32', '2024-11-21 03:18:32'),
(555, 'Las Damas de Missalonghi', NULL, 74, 3, 1, 7, 1, 1, 1, 0, NULL, '2024-11-21 03:18:32', '2024-11-21 03:18:32'),
(556, 'Las Mellizas Cambian de colegio', 'public_html/book_covers/556.jpg', 399, 15, 1, 7, 12, 1, 1, 0, NULL, '2024-11-21 03:18:32', '2024-11-21 03:18:32'),
(557, 'Las noches blancas', NULL, 139, 3, 1, 7, 160, 1, 2, 0, NULL, '2024-11-21 03:18:32', '2024-11-21 03:18:32'),
(558, 'Las cronicas de narnia: El principe de caspian', NULL, 54, 57, 1, 7, 12, 1, 1, 0, NULL, '2024-11-21 03:18:32', '2024-11-21 03:18:32'),
(559, 'Las cuatro plumas', NULL, 2, 5, 1, 7, 12, 1, 1, 0, NULL, '2024-11-21 03:18:32', '2024-11-21 03:18:32'),
(560, 'Las minas del rey salomón', 'public_html/book_covers/560.jpg', 425, 5, 1, 7, 63, 1, 1, 0, NULL, '2024-11-21 03:18:32', '2024-11-21 03:18:32'),
(561, 'Las aventuras de totora', 'public_html/book_covers/561.jpg', 177, 15, 1, 7, 63, 1, 1, 0, NULL, '2024-11-21 03:18:32', '2024-11-21 03:18:32'),
(562, 'Las mil y una noche', 'public_html/book_covers/562.jpg', 384, 13, 1, 7, 160, 1, 1, 0, NULL, '2024-11-21 03:18:32', '2024-11-21 03:18:32'),
(563, 'Las mil y una noche', 'public_html/book_covers/563.jpg', 384, 13, 1, 7, 90, 1, 2, 0, NULL, '2024-11-21 03:18:32', '2024-11-21 03:18:32'),
(564, 'Las aventuras de Tom Sawyer', 'public_html/book_covers/564.jpg', 289, 5, 1, 7, 63, 1, 1, 0, NULL, '2024-11-21 03:18:32', '2024-11-21 03:18:32'),
(565, 'Las aventuras de Tom Sawyer', 'public_html/book_covers/565.jpg', 289, 5, 1, 7, 174, 1, 1, 0, NULL, '2024-11-21 03:18:32', '2024-11-21 03:18:32'),
(566, 'Las aventuras de Tom Sawyer', 'public_html/book_covers/566.jpg', 289, 5, 1, 7, 107, 1, 1, 0, NULL, '2024-11-21 03:18:32', '2024-11-21 03:18:32'),
(567, 'Los que vivimos ', NULL, 42, 4, 1, 7, 62, 1, 1, 0, NULL, '2024-11-21 03:18:32', '2024-11-21 03:18:32'),
(568, 'Los hijos del capitan Grant en el oceano pacifico', NULL, 243, 5, 1, 7, 169, 1, 4, 0, NULL, '2024-11-21 03:18:32', '2024-11-21 03:18:32'),
(569, 'La isla del tesoro', 'public_html/book_covers/569.jpg', 339, 5, 1, 8, 63, 1, 3, 0, NULL, '2024-11-21 03:18:32', '2024-11-21 03:18:32'),
(570, 'La isla del tesoro', 'public_html/book_covers/570.jpg', 339, 5, 1, 8, 174, 1, 1, 0, NULL, '2024-11-21 03:18:32', '2024-11-21 03:18:32'),
(571, 'La juventud de los ocho primos', 'public_html/book_covers/571.jpg', 257, 16, 1, 8, 63, 1, 1, 0, NULL, '2024-11-21 03:18:32', '2024-11-21 03:18:32'),
(572, 'La hormiguita cantora y el duende melodia', 'public_html/book_covers/572.jpg', 20, 15, 1, 8, 63, 1, 3, 0, NULL, '2024-11-21 03:18:32', '2024-11-21 03:18:32'),
(573, 'Un dia en la vida de Li Song, mujer china', 'public_html/book_covers/573.jpg', 196, 16, 1, 8, 63, 1, 1, 0, NULL, '2024-11-21 03:18:32', '2024-11-21 03:18:32'),
(574, 'La ciudad de los cesares', 'public_html/book_covers/574.jpg', 271, 2, 1, 8, 63, 1, 1, 0, NULL, '2024-11-21 03:18:32', '2024-11-21 03:18:32'),
(575, 'La isla misteriosa', NULL, 243, 5, 1, 8, 160, 1, 1, 0, NULL, '2024-11-21 03:18:32', '2024-11-21 03:18:32'),
(576, 'La isla misteriosa', NULL, 243, 5, 1, 8, 12, 1, 2, 0, NULL, '2024-11-21 03:18:32', '2024-11-21 03:18:32'),
(577, 'La metamorfosis', 'public_html/book_covers/577.jpg', 146, 12, 1, 8, 90, 1, 1, 0, NULL, '2024-11-21 03:18:32', '2024-11-21 03:18:32'),
(578, 'La espada y el canelo', 'public_html/book_covers/578.jpg', 11, 1, 1, 8, 63, 1, 1, 0, NULL, '2024-11-21 03:18:32', '2024-11-21 03:18:32'),
(579, 'La rebelde gabriela - tomo 3', 'public_html/book_covers/579.jpg', 295, 1, 1, 8, 65, 1, 1, 0, NULL, '2024-11-21 03:18:32', '2024-11-21 03:18:32'),
(580, 'La rebelde gabriela - tomo 1', 'public_html/book_covers/580.jpg', 295, 1, 1, 8, 65, 1, 1, 0, NULL, '2024-11-21 03:18:32', '2024-11-21 03:18:32'),
(581, 'La cabeza del viajero', 'public_html/book_covers/581.jpg', 307, 6, 1, 8, 1, 1, 1, 0, NULL, '2024-11-21 03:18:32', '2024-11-21 03:18:32'),
(582, 'La sonrisa del arco iris', 'public_html/book_covers/582.jpg', 448, 1, 1, 8, 12, 1, 1, 0, NULL, '2024-11-21 03:18:32', '2024-11-21 03:18:32'),
(583, 'La metamorfosis', 'public_html/book_covers/583.jpg', 146, 12, 1, 8, 12, 1, 1, 0, NULL, '2024-11-21 03:18:32', '2024-11-21 03:18:32'),
(584, 'La metamorfosis', 'public_html/book_covers/584.jpg', 146, 12, 1, 8, 107, 1, 1, 0, NULL, '2024-11-21 03:18:32', '2024-11-21 03:18:32'),
(585, '20.000 leguas de viaje submarino', 'public_html/book_covers/585.jpg', 243, 5, 1, 8, 160, 1, 3, 0, NULL, '2024-11-21 03:18:32', '2024-11-21 03:18:32'),
(586, 'La isla de arturo', 'public_html/book_covers/586.jpg', 107, 1, 1, 8, 50, 1, 1, 0, NULL, '2024-11-21 03:18:32', '2024-11-21 03:18:32'),
(587, 'La amortajada', 'public_html/book_covers/587.jpg', 283, 9, 1, 8, 12, 1, 1, 0, NULL, '2024-11-21 03:18:32', '2024-11-21 03:18:32'),
(588, 'La arternetiva del diablo', 'public_html/book_covers/588.jpg', 149, 10, 1, 8, 58, 1, 1, 0, NULL, '2024-11-21 03:18:32', '2024-11-21 03:18:32'),
(589, 'La revolucion laboral en chile', NULL, 234, 30, 3, 8, 63, 1, 1, 0, NULL, '2024-11-21 03:18:32', '2024-11-21 03:18:32'),
(590, 'La chicha del tambor', 'public_html/book_covers/590.jpg', 210, 1, 1, 8, 12, 1, 1, 0, NULL, '2024-11-21 03:18:32', '2024-11-21 03:18:32'),
(591, 'La anti-dieta', 'public_html/book_covers/591.jpg', 172, 48, 4, 8, 66, 1, 1, 0, NULL, '2024-11-21 03:18:32', '2024-11-21 03:18:32'),
(592, 'La vorágine', 'public_html/book_covers/592.jpg', 224, 1, 1, 8, 12, 1, 1, 0, NULL, '2024-11-21 03:18:32', '2024-11-21 03:18:32'),
(593, 'La vorágine', 'public_html/book_covers/593.jpg', 224, 1, 1, 8, 12, 1, 2, 0, NULL, '2024-11-21 03:18:32', '2024-11-21 03:18:32'),
(594, 'La vorágine', 'public_html/book_covers/594.jpg', 224, 1, 1, 8, 12, 1, 1, 0, NULL, '2024-11-21 03:18:32', '2024-11-21 03:18:32'),
(595, 'La importancia de llamarse Ernesto, un marido ideal', NULL, 380, 13, 1, 8, 12, 1, 3, 0, NULL, '2024-11-21 03:18:32', '2024-11-21 03:18:32'),
(596, 'La increible historia de lavinia', NULL, 47, 16, 1, 8, 63, 1, 3, 0, NULL, '2024-11-21 03:18:32', '2024-11-21 03:18:32'),
(597, 'Lanchas en la bahía', 'public_html/book_covers/597.jpg', 271, 9, 1, 8, 63, 1, 2, 0, NULL, '2024-11-21 03:18:32', '2024-11-21 03:18:32'),
(598, 'La hija del capitan', 'public_html/book_covers/598.jpg', 12, 2, 1, 8, 12, 1, 1, 0, NULL, '2024-11-21 03:18:32', '2024-11-21 03:18:32'),
(599, 'La increible y triste historia de la candida erendira y de su abuela desalmada', 'public_html/book_covers/599.jpg', 154, 9, 1, 8, 96, 1, 1, 0, NULL, '2024-11-21 03:18:32', '2024-11-21 03:18:32'),
(600, 'La porota', 'public_html/book_covers/600.jpg', 177, 12, 1, 8, 63, 1, 1, 0, NULL, '2024-11-21 03:18:32', '2024-11-21 03:18:32'),
(601, 'La odisea', 'public_html/book_covers/601.jpg', 178, 22, 1, 8, 174, 1, 2, 0, NULL, '2024-11-21 03:18:32', '2024-11-21 03:18:32'),
(602, 'La comezon de ser mujer', NULL, 105, 1, 1, 8, 12, 0, 1, 1, NULL, '2024-11-21 03:18:32', '2024-11-21 03:18:32'),
(603, 'La odisea', 'public_html/book_covers/603.jpg', 178, 22, 1, 8, 107, 1, 1, 0, NULL, '2024-11-21 03:18:32', '2024-11-21 03:18:32'),
(604, 'La casita de cristal', 'public_html/book_covers/604.jpg', 60, 15, 1, 8, 63, 1, 1, 0, NULL, '2024-11-21 03:18:32', '2024-11-21 03:18:32'),
(605, 'La casa de bernarda alba', 'public_html/book_covers/605.jpg', 131, 13, 1, 8, 174, 1, 1, 0, NULL, '2024-11-21 03:18:32', '2024-11-21 03:18:32'),
(606, 'La casa de bernarda alba', 'public_html/book_covers/606.jpg', 131, 13, 1, 8, 90, 1, 1, 0, NULL, '2024-11-21 03:18:32', '2024-11-21 03:18:32'),
(607, 'La celestina', 'public_html/book_covers/607.jpg', 135, 13, 1, 8, 90, 1, 1, 0, NULL, '2024-11-21 03:18:32', '2024-11-21 03:18:32'),
(608, 'La granja de los animales', 'public_html/book_covers/608.jpg', 157, 7, 1, 8, 12, 1, 1, 0, NULL, '2024-11-21 03:18:32', '2024-11-21 03:18:32'),
(609, 'La vida es sueño', 'public_html/book_covers/609.jpg', 316, 13, 1, 8, 160, 1, 1, 0, NULL, '2024-11-21 03:18:32', '2024-11-21 03:18:32'),
(610, 'La vida es sueño', 'public_html/book_covers/610.jpg', 316, 13, 1, 8, 174, 1, 1, 0, NULL, '2024-11-21 03:18:32', '2024-11-21 03:18:32'),
(611, 'La ultima niebla', 'public_html/book_covers/611.jpg', 283, 9, 1, 8, 12, 1, 1, 0, NULL, '2024-11-21 03:18:32', '2024-11-21 03:18:32'),
(612, 'La ultima niebla', 'public_html/book_covers/612.jpg', 283, 9, 1, 8, 90, 1, 1, 0, NULL, '2024-11-21 03:18:32', '2024-11-21 03:18:32'),
(613, 'La ultima niebla, El arbol, Las islas nuevas, Lo secreto', NULL, 283, 9, 1, 8, 12, 1, 1, 0, NULL, '2024-11-21 03:18:32', '2024-11-21 03:18:32'),
(614, 'Lengua y estructura', NULL, 252, 32, 5, 8, 8, 1, 1, 0, NULL, '2024-11-21 03:18:32', '2024-11-21 03:18:32'),
(615, 'La muerte en venecia', 'public_html/book_covers/615.jpg', 363, 1, 1, 8, 176, 1, 1, 0, NULL, '2024-11-21 03:18:32', '2024-11-21 03:18:32'),
(616, 'Lautaro, joven libertador de arauco', 'public_html/book_covers/616.jpg', 133, 2, 1, 8, 63, 1, 1, 0, NULL, '2024-11-21 03:18:32', '2024-11-21 03:18:32'),
(617, 'La tia tula', 'public_html/book_covers/617.jpg', 301, 12, 1, 8, 160, 1, 1, 0, NULL, '2024-11-21 03:18:32', '2024-11-21 03:18:32'),
(618, 'La tia tula', 'public_html/book_covers/618.jpg', 301, 12, 1, 8, 108, 1, 1, 0, NULL, '2024-11-21 03:18:32', '2024-11-21 03:18:32'),
(619, 'La ciudad y los perros', 'public_html/book_covers/619.jpg', 288, 1, 1, 8, 12, 1, 1, 0, NULL, '2024-11-21 03:18:32', '2024-11-21 03:18:32'),
(620, 'La guerra y la paz - Tomo 1', 'public_html/book_covers/620.jpg', 249, 2, 1, 8, 12, 1, 2, 0, NULL, '2024-11-21 03:18:32', '2024-11-21 03:18:32'),
(621, 'La guerra y la paz - Tomo 2', 'public_html/book_covers/621.jpg', 249, 2, 1, 8, 12, 1, 1, 0, NULL, '2024-11-21 03:18:32', '2024-11-21 03:18:32'),
(622, 'La guerra y la paz - Tomo 3', 'public_html/book_covers/622.jpg', 249, 2, 1, 8, 12, 1, 1, 0, NULL, '2024-11-21 03:18:32', '2024-11-21 03:18:32'),
(623, 'La guerra y la paz - Tomo 4', 'public_html/book_covers/623.jpg', 249, 2, 1, 8, 12, 1, 1, 0, NULL, '2024-11-21 03:18:32', '2024-11-21 03:18:32'),
(624, 'La guerra y la paz - Tomo 5', 'public_html/book_covers/624.jpg', 249, 2, 1, 8, 12, 1, 2, 0, NULL, '2024-11-21 03:18:32', '2024-11-21 03:18:32'),
(625, 'Viaje al centro de la tierra', 'public_html/book_covers/625.jpg', 243, 5, 1, 8, 174, 1, 1, 0, NULL, '2024-11-21 03:18:32', '2024-11-21 03:18:32'),
(626, 'La llamada de la selva', 'public_html/book_covers/626.jpg', 194, 5, 1, 8, 12, 1, 1, 0, NULL, '2024-11-21 03:18:32', '2024-11-21 03:18:32'),
(627, 'La dama de las camelias', NULL, 10, 3, 1, 8, 12, 1, 2, 0, NULL, '2024-11-21 03:18:32', '2024-11-21 03:18:32'),
(628, 'La burrita \"Non\"', NULL, 229, 15, 1, 8, 12, 1, 1, 0, NULL, '2024-11-21 03:18:32', '2024-11-21 03:18:32'),
(629, 'La vorágine', 'public_html/book_covers/629.jpg', 224, 1, 1, 8, 90, 1, 1, 0, NULL, '2024-11-21 03:18:32', '2024-11-21 03:18:32'),
(630, 'Lecciones de fisica para el VI año de humanidades - Tomo 3 segunda parte', NULL, 191, 32, 5, 8, 96, 1, 1, 0, NULL, '2024-11-21 03:18:32', '2024-11-21 03:18:32'),
(631, 'Curso superior de economia', 'public_html/book_covers/631.jpg', 413, 32, 5, 8, 151, 1, 1, 0, NULL, '2024-11-21 03:18:32', '2024-11-21 03:18:32'),
(632, 'La vuelta al mundo en 80 dias', 'public_html/book_covers/632.jpg', 243, 5, 1, 8, 12, 1, 1, 0, NULL, '2024-11-21 03:18:32', '2024-11-21 03:18:32'),
(633, 'La vuelta al mundo en 80 dias', 'public_html/book_covers/633.jpg', 243, 5, 1, 8, 12, 1, 1, 0, NULL, '2024-11-21 03:18:32', '2024-11-21 03:18:32'),
(634, 'La vuelta al mundo en 80 dias', 'public_html/book_covers/634.jpg', 243, 5, 1, 8, 160, 1, 1, 0, NULL, '2024-11-21 03:18:32', '2024-11-21 03:18:32'),
(635, 'La vuelta al mundo en 80 dias', 'public_html/book_covers/635.jpg', 243, 5, 1, 8, 169, 1, 2, 0, NULL, '2024-11-21 03:18:32', '2024-11-21 03:18:32'),
(636, 'La madona de las siete colinas', 'public_html/book_covers/636.jpg', 206, 2, 1, 8, 68, 1, 1, 0, NULL, '2024-11-21 03:18:32', '2024-11-21 03:18:32'),
(637, 'La cabeza olmeca', 'public_html/book_covers/637.jpg', 90, 1, 1, 8, 1, 1, 1, 0, NULL, '2024-11-21 03:18:32', '2024-11-21 03:18:32'),
(638, 'La luna era mi tierra', 'public_html/book_covers/638.jpg', 113, 9, 1, 8, 12, 1, 1, 0, NULL, '2024-11-21 03:18:32', '2024-11-21 03:18:32'),
(639, 'La espesura', 'public_html/book_covers/639.jpg', 256, 1, 1, 8, 12, 1, 1, 0, NULL, '2024-11-21 03:18:32', '2024-11-21 03:18:32'),
(640, 'Diccionario enciclopedico plaza & janes', NULL, 452, 55, 5, 8, 58, 1, 1, 0, NULL, '2024-11-21 03:18:32', '2024-11-21 03:18:32'),
(641, 'Squarcio', 'public_html/book_covers/641.jpg', 143, 1, 1, 8, 12, 1, 1, 0, NULL, '2024-11-21 03:18:32', '2024-11-21 03:18:32'),
(642, 'America 70', 'public_html/book_covers/642.jpg', 389, 30, 3, 8, 71, 1, 1, 0, NULL, '2024-11-21 03:18:32', '2024-11-21 03:18:32'),
(643, 'Literatura y lingüistica N14', 'public_html/book_covers/643.jpg', 462, 32, 3, 8, 72, 1, 1, 0, NULL, '2024-11-21 03:18:32', '2024-11-21 03:18:32'),
(644, 'Conversacion en la catedral - volumen 2', NULL, 288, 1, 1, 8, 176, 1, 1, 0, NULL, '2024-11-21 03:18:32', '2024-11-21 03:18:32'),
(645, 'Los poderes omnimodos', 'public_html/book_covers/645.jpg', 19, 29, 3, 8, 12, 1, 1, 0, NULL, '2024-11-21 03:18:32', '2024-11-21 03:18:32'),
(646, 'Don quijote de la mancha', 'public_html/book_covers/646.jpg', 300, 4, 1, 8, 47, 1, 1, 0, NULL, '2024-11-21 03:18:32', '2024-11-21 03:18:32'),
(647, 'Roberto y Otrebor', NULL, 313, 15, 1, 9, 73, 1, 1, 0, NULL, '2024-11-21 03:18:32', '2024-11-21 03:18:32'),
(648, 'Regalo de navidad y otros cuentos', 'public_html/book_covers/648.jpg', 308, 17, 1, 9, 160, 1, 1, 0, NULL, '2024-11-21 03:18:32', '2024-11-21 03:18:32'),
(649, 'Rimas y leyendas', 'public_html/book_covers/649.jpg', 167, 26, 1, 9, 90, 1, 2, 0, NULL, '2024-11-21 03:18:32', '2024-11-21 03:18:32'),
(650, 'Rockeros celestes', 'public_html/book_covers/650.jpg', 87, 1, 1, 9, 12, 1, 1, 0, NULL, '2024-11-21 03:18:32', '2024-11-21 03:18:32'),
(651, 'Robin hood', 'public_html/book_covers/651.jpg', 384, 5, 1, 9, 174, 1, 1, 0, NULL, '2024-11-21 03:18:32', '2024-11-21 03:18:32'),
(652, 'Robinson crusoe', 'public_html/book_covers/652.jpg', 85, 5, 1, 9, 63, 1, 1, 0, NULL, '2024-11-21 03:18:32', '2024-11-21 03:18:32'),
(653, 'Robinson crusoe', 'public_html/book_covers/653.jpg', 85, 5, 1, 9, 174, 1, 3, 0, NULL, '2024-11-21 03:18:32', '2024-11-21 03:18:32'),
(654, 'Robinson crusoe', 'public_html/book_covers/654.jpg', 85, 5, 1, 9, 133, 1, 1, 0, NULL, '2024-11-21 03:18:32', '2024-11-21 03:18:32'),
(655, 'Un dia en la vida de ramiro, grumete de la esmeralda', NULL, 196, 16, 1, 9, 63, 1, 1, 0, NULL, '2024-11-21 03:18:32', '2024-11-21 03:18:32'),
(656, 'Recuerdos del pasado (1814 - 1860)', 'public_html/book_covers/656.jpg', 370, 28, 2, 9, 74, 1, 1, 0, NULL, '2024-11-21 03:18:32', '2024-11-21 03:18:32'),
(657, 'Recuerdos del pasado (1814 - 1860) - Tomo 1', 'public_html/book_covers/657.jpg', 370, 28, 2, 9, 12, 1, 1, 0, NULL, '2024-11-21 03:18:32', '2024-11-21 03:18:32'),
(658, 'Recuerdos del pasado (1814 - 1860) - Tomo 2', 'public_html/book_covers/658.jpg', 370, 28, 2, 9, 12, 1, 2, 0, NULL, '2024-11-21 03:18:32', '2024-11-21 03:18:32'),
(659, 'Recuerdos del pasado - Tomo 2', 'public_html/book_covers/659.jpg', 370, 28, 2, 9, 63, 1, 1, 0, NULL, '2024-11-21 03:18:32', '2024-11-21 03:18:32'),
(660, 'Rambo - primera sangre', NULL, 89, 11, 1, 9, 1, 1, 1, 0, NULL, '2024-11-21 03:18:32', '2024-11-21 03:18:32'),
(661, 'Rayuela', 'public_html/book_covers/661.jpg', 241, 8, 1, 9, 176, 1, 1, 0, NULL, '2024-11-21 03:18:32', '2024-11-21 03:18:32'),
(662, 'Recuerdos de la medianoche', NULL, 352, 6, 1, 9, 1, 1, 1, 0, NULL, '2024-11-21 03:18:32', '2024-11-21 03:18:32'),
(663, 'Razones para vivir', 'public_html/book_covers/663.jpg', 226, 29, 4, 9, 75, 1, 1, 0, NULL, '2024-11-21 03:18:32', '2024-11-21 03:18:32'),
(664, 'Retorno al paraiso', 'public_html/book_covers/664.jpg', 202, 5, 1, 9, 12, 1, 1, 0, NULL, '2024-11-21 03:18:32', '2024-11-21 03:18:32'),
(665, 'Robin hood', 'public_html/book_covers/665.jpg', 272, 12, 1, 9, 12, 1, 1, 0, NULL, '2024-11-21 03:18:32', '2024-11-21 03:18:32'),
(666, 'El retrato de dorian gray', 'public_html/book_covers/666.jpg', 380, 4, 1, 9, 78, 1, 1, 0, NULL, '2024-11-21 03:18:32', '2024-11-21 03:18:32'),
(667, 'Rojo y negro', 'public_html/book_covers/667.jpg', 358, 3, 1, 9, 163, 1, 1, 0, NULL, '2024-11-21 03:18:32', '2024-11-21 03:18:32'),
(668, 'Romeo y julieta', 'public_html/book_covers/668.jpg', 376, 13, 1, 9, 107, 1, 1, 0, NULL, '2024-11-21 03:18:32', '2024-11-21 03:18:32'),
(669, 'Rojo y negro', 'public_html/book_covers/669.jpg', 358, 3, 1, 9, 40, 1, 1, 0, NULL, '2024-11-21 03:18:32', '2024-11-21 03:18:32'),
(670, 'Rebecca', 'public_html/book_covers/670.jpg', 86, 6, 1, 9, 79, 1, 1, 0, NULL, '2024-11-21 03:18:32', '2024-11-21 03:18:32'),
(671, 'Rosita sombrero', 'public_html/book_covers/671.jpg', 457, 12, 1, 9, 63, 1, 1, 0, NULL, '2024-11-21 03:18:32', '2024-11-21 03:18:32'),
(672, 'Soledad', NULL, 23, 28, 2, 9, 63, 1, 1, 0, NULL, '2024-11-21 03:18:32', '2024-11-21 03:18:32'),
(673, 'Sobrevivir - Memorias', NULL, 446, 28, 2, 9, 12, 1, 1, 0, NULL, '2024-11-21 03:18:32', '2024-11-21 03:18:32'),
(674, 'Recuerdos del futuro', NULL, 122, 30, 2, 9, 58, 1, 1, 0, NULL, '2024-11-21 03:18:32', '2024-11-21 03:18:32'),
(675, 'Siete dias de la señora K.', 'public_html/book_covers/675.jpg', 26, 1, 1, 9, 12, 1, 1, 0, NULL, '2024-11-21 03:18:32', '2024-11-21 03:18:32'),
(676, 'Seleccion de libros hispano americanos - Serie 2', NULL, 467, 59, 1, 9, 96, 1, 1, 0, NULL, '2024-11-21 03:18:32', '2024-11-21 03:18:32'),
(677, 'Rio sangriento', 'public_html/book_covers/677.jpg', 420, 11, 1, 9, 12, 1, 1, 0, NULL, '2024-11-21 03:18:32', '2024-11-21 03:18:32'),
(678, 'Siddhartha alma de niño', NULL, 176, 4, 1, 9, 63, 1, 1, 0, NULL, '2024-11-21 03:18:32', '2024-11-21 03:18:32'),
(679, 'Siddhartha', 'public_html/book_covers/679.jpg', 176, 4, 1, 9, 12, 1, 1, 0, NULL, '2024-11-21 03:18:32', '2024-11-21 03:18:32'),
(680, 'Seis personajes en busca de autor', 'public_html/book_covers/680.jpg', 260, 13, 1, 9, 90, 1, 2, 0, NULL, '2024-11-21 03:18:32', '2024-11-21 03:18:32'),
(681, 'Un dia en la vida de Samuel, buscador de oro en california', NULL, 196, 16, 1, 9, 63, 1, 1, 0, NULL, '2024-11-21 03:18:32', '2024-11-21 03:18:32'),
(682, 'Un dia en la vida de Senefru, princesa egipcia', 'public_html/book_covers/682.jpg', 196, 16, 1, 9, 63, 1, 1, 0, NULL, '2024-11-21 03:18:32', '2024-11-21 03:18:32'),
(683, 'Subterra', 'public_html/book_covers/683.jpg', 43, 9, 1, 9, 174, 1, 1, 0, NULL, '2024-11-21 03:18:32', '2024-11-21 03:18:32'),
(684, 'Soloman', 'public_html/book_covers/684.jpg', 330, 15, 1, 9, 73, 1, 3, 0, NULL, '2024-11-21 03:18:32', '2024-11-21 03:18:32'),
(685, 'Los amigos de ernestina', 'public_html/book_covers/685.jpg', 401, 15, 1, 9, 8, 1, 1, 0, NULL, '2024-11-21 03:18:32', '2024-11-21 03:18:32'),
(686, 'Los conquistadores de la antartica', 'public_html/book_covers/686.jpg', 141, 5, 1, 9, 63, 1, 1, 0, NULL, '2024-11-21 03:18:32', '2024-11-21 03:18:32'),
(687, 'Subterra', 'public_html/book_covers/687.jpg', 43, 9, 1, 9, 90, 1, 2, 0, NULL, '2024-11-21 03:18:32', '2024-11-21 03:18:32'),
(688, 'Subterra', 'public_html/book_covers/688.jpg', 43, 9, 1, 9, 160, 1, 1, 0, NULL, '2024-11-21 03:18:32', '2024-11-21 03:18:32'),
(689, 'Sonata de primavera - Sonata de estio', 'public_html/book_covers/689.jpg', 329, 1, 1, 9, 108, 1, 1, 0, NULL, '2024-11-21 03:18:32', '2024-11-21 03:18:32'),
(690, 'Suiza lava mas blanco', NULL, 208, 29, 3, 9, 12, 1, 1, 0, NULL, '2024-11-21 03:18:32', '2024-11-21 03:18:32'),
(691, 'Servidumbre humana - Tomo 2', 'public_html/book_covers/691.jpg', 356, 4, 1, 9, 63, 1, 1, 0, NULL, '2024-11-21 03:18:32', '2024-11-21 03:18:32'),
(692, 'San andreas', NULL, 21, 11, 1, 9, 80, 1, 1, 0, NULL, '2024-11-21 03:18:32', '2024-11-21 03:18:32'),
(693, '¿Soy dixleso? por papelucho', 'public_html/book_covers/693.jpg', 274, 15, 1, 10, 8, 1, 3, 0, NULL, '2024-11-21 03:18:32', '2024-11-21 03:18:32'),
(694, 'Papelucho y el marciano', 'public_html/book_covers/694.jpg', 274, 15, 1, 10, 8, 1, 4, 0, NULL, '2024-11-21 03:18:32', '2024-11-21 03:18:32'),
(695, 'Papelucho historiador', 'public_html/book_covers/695.jpg', 274, 15, 1, 10, 8, 1, 3, 0, NULL, '2024-11-21 03:18:32', '2024-11-21 03:18:32'),
(696, 'Papelucho en vacaciones ', 'public_html/book_covers/696.jpg', 274, 15, 1, 10, 8, 1, 5, 0, NULL, '2024-11-21 03:18:32', '2024-11-21 03:18:32'),
(697, 'Papelucho en la clinica', 'public_html/book_covers/697.jpg', 274, 15, 1, 10, 8, 1, 6, 0, NULL, '2024-11-21 03:18:32', '2024-11-21 03:18:32'),
(698, 'Papelucho casi huérfano', 'public_html/book_covers/698.jpg', 274, 15, 1, 10, 8, 1, 2, 0, NULL, '2024-11-21 03:18:32', '2024-11-21 03:18:32'),
(699, 'Papelucho Detective', 'public_html/book_covers/699.jpg', 274, 15, 1, 10, 8, 1, 5, 0, NULL, '2024-11-21 03:18:32', '2024-11-21 03:18:32'),
(700, 'Papelucho perdido ', 'public_html/book_covers/700.jpg', 274, 15, 1, 10, 8, 1, 3, 0, NULL, '2024-11-21 03:18:32', '2024-11-21 03:18:32'),
(701, 'Paradoja Perdida', 'public_html/book_covers/701.jpg', 148, 11, 1, 10, 81, 1, 1, 0, NULL, '2024-11-21 03:18:32', '2024-11-21 03:18:32'),
(702, 'Punta de rieles', 'public_html/book_covers/702.jpg', 271, 9, 1, 10, 63, 1, 1, 0, NULL, '2024-11-21 03:18:32', '2024-11-21 03:18:32'),
(703, 'Paris era una fiesta', 'public_html/book_covers/703.jpg', 123, 28, 2, 10, 176, 1, 1, 0, NULL, '2024-11-21 03:18:32', '2024-11-21 03:18:32'),
(704, 'Pais de las sombras largas', NULL, 169, 5, 1, 10, 82, 1, 1, 0, NULL, '2024-11-21 03:18:32', '2024-11-21 03:18:32'),
(705, 'Musee du louvre PINTURA', NULL, 299, 33, 2, 10, 83, 1, 1, 0, NULL, '2024-11-21 03:18:32', '2024-11-21 03:18:32'),
(706, 'La importancia de llamarse ernesto', 'public_html/book_covers/706.jpg', 380, 13, 1, 10, 163, 1, 1, 0, NULL, '2024-11-21 03:18:32', '2024-11-21 03:18:32'),
(707, 'Miguel de unamuno biografia', 'public_html/book_covers/707.jpg', 384, 34, 2, 10, 12, 1, 1, 0, NULL, '2024-11-21 03:18:32', '2024-11-21 03:18:32'),
(708, 'Andres Bello, el hombre', 'public_html/book_covers/708.jpg', 409, 34, 2, 10, 12, 1, 1, 0, NULL, '2024-11-21 03:18:32', '2024-11-21 03:18:32'),
(709, 'Antología poetiaca de Pablo Neruda: Poemas de amor', 'public_html/book_covers/709.jpg', 310, 24, 1, 10, 8, 1, 1, 0, NULL, '2024-11-21 03:18:32', '2024-11-21 03:18:32'),
(710, 'Crepusculario ', 'public_html/book_covers/710.jpg', 312, 24, 1, 10, 12, 1, 4, 0, NULL, '2024-11-21 03:18:32', '2024-11-21 03:18:32'),
(711, 'Perdido en el amazonas', 'public_html/book_covers/711.jpg', 325, 5, 1, 10, 12, 1, 1, 0, NULL, '2024-11-21 03:18:32', '2024-11-21 03:18:32'),
(712, 'Para La mano izquierda', 'public_html/book_covers/712.jpg', 290, 1, 1, 10, 87, 1, 2, 0, NULL, '2024-11-21 03:18:32', '2024-11-21 03:18:32'),
(713, 'Puede prestarnos a su marido?', 'public_html/book_covers/713.jpg', 164, 9, 1, 10, 24, 1, 1, 0, NULL, '2024-11-21 03:18:32', '2024-11-21 03:18:32');
INSERT INTO `libros` (`id`, `titulo`, `caratula`, `id_autor`, `id_genero`, `id_categoria`, `id_repisa`, `id_editorial`, `disponible`, `cantidad`, `copias_prestadas`, `descripcion`, `created_at`, `updated_at`) VALUES
(714, 'Mi hermana ji, por Papelucho', 'public_html/book_covers/714.jpg', 274, 15, 1, 10, 8, 1, 6, 0, NULL, '2024-11-21 03:18:32', '2024-11-21 03:18:32'),
(715, 'Papelucho Misionero', 'public_html/book_covers/715.jpg', 274, 15, 1, 10, 8, 1, 5, 0, NULL, '2024-11-21 03:18:32', '2024-11-21 03:18:32'),
(716, 'Papelucho', 'public_html/book_covers/716.jpg', 274, 15, 1, 10, 8, 1, 3, 0, NULL, '2024-11-21 03:18:32', '2024-11-21 03:18:32'),
(717, 'Pacha Pulai', 'public_html/book_covers/717.jpg', 428, 2, 1, 10, 63, 1, 2, 0, NULL, '2024-11-21 03:18:32', '2024-11-21 03:18:32'),
(718, 'Papaíto piernas largas', 'public_html/book_covers/718.jpg', 207, 16, 1, 10, 107, 1, 1, 0, NULL, '2024-11-21 03:18:32', '2024-11-21 03:18:32'),
(719, 'Palomita Blanca', 'public_html/book_covers/719.jpg', 116, 1, 1, 10, 63, 1, 1, 0, NULL, '2024-11-21 03:18:32', '2024-11-21 03:18:32'),
(720, 'Propuesta Matrimonial y la sala numero seis', 'public_html/book_covers/720.jpg', 34, 17, 1, 10, 36, 1, 1, 0, NULL, '2024-11-21 03:18:32', '2024-11-21 03:18:32'),
(721, 'Juan Mondioba piropos porteños', NULL, 242, 20, 1, 10, 85, 1, 1, 0, NULL, '2024-11-21 03:18:32', '2024-11-21 03:18:32'),
(722, 'Jorge Caballero Pintura Chilena', NULL, 454, 33, 2, 10, 86, 1, 2, 0, NULL, '2024-11-21 03:18:32', '2024-11-21 03:18:32'),
(723, 'Pobres Gentes', 'public_html/book_covers/723.jpg', 139, 1, 1, 10, 107, 1, 1, 0, NULL, '2024-11-21 03:18:32', '2024-11-21 03:18:32'),
(724, 'Poesia Infantil', NULL, 155, 24, 1, 10, 12, 1, 1, 0, NULL, '2024-11-21 03:18:32', '2024-11-21 03:18:32'),
(725, 'Poesia y Prosa Giacomo Leopardi', 'public_html/book_covers/725.jpg', 444, 24, 1, 10, 163, 1, 1, 0, NULL, '2024-11-21 03:18:32', '2024-11-21 03:18:32'),
(726, 'Poesia y Prosa Ruben Dario', 'public_html/book_covers/726.jpg', 359, 24, 1, 10, 163, 1, 1, 0, NULL, '2024-11-21 03:18:32', '2024-11-21 03:18:32'),
(727, 'Bartleby', NULL, 175, 9, 1, 10, 87, 1, 1, 0, NULL, '2024-11-21 03:18:32', '2024-11-21 03:18:32'),
(728, 'Poemas Originales prologo de Juan Antonio Massone', NULL, 147, 25, 1, 10, 88, 1, 1, 0, NULL, '2024-11-21 03:18:32', '2024-11-21 03:18:32'),
(729, 'Poesias', 'public_html/book_covers/729.jpg', 35, 24, 1, 10, 12, 1, 1, 0, NULL, '2024-11-21 03:18:32', '2024-11-21 03:18:32'),
(730, 'Poema de MIO CID', 'public_html/book_covers/730.jpg', 269, 25, 1, 10, 8, 1, 1, 0, NULL, '2024-11-21 03:18:32', '2024-11-21 03:18:32'),
(731, 'Preguntale a Alicia: Diario intimo de una joven drogadicta', 'public_html/book_covers/731.jpg', 384, 27, 2, 10, 112, 1, 3, 0, NULL, '2024-11-21 03:18:32', '2024-11-21 03:18:32'),
(732, 'Un día en la vida de Psiqué, La enamordad de un dios', 'public_html/book_covers/732.jpg', 196, 16, 1, 10, 63, 1, 1, 0, NULL, '2024-11-21 03:18:32', '2024-11-21 03:18:32'),
(733, 'Papaíto piernas largas', 'public_html/book_covers/733.jpg', 207, 16, 1, 10, 89, 1, 1, 0, NULL, '2024-11-21 03:18:32', '2024-11-21 03:18:32'),
(734, 'Papelucho historiador', 'public_html/book_covers/734.jpg', 274, 15, 1, 10, 24, 1, 1, 0, NULL, '2024-11-21 03:18:32', '2024-11-21 03:18:32'),
(735, 'Cuentos Chilenos', 'public_html/book_covers/735.jpg', 407, 17, 1, 10, 12, 1, 1, 0, NULL, '2024-11-21 03:18:32', '2024-11-21 03:18:32'),
(736, 'Niebla', NULL, 267, 4, 1, 10, 89, 1, 1, 0, NULL, '2024-11-21 03:18:32', '2024-11-21 03:18:32'),
(737, 'El Ruiseñor y la rosa', 'public_html/book_covers/737.jpg', 380, 17, 1, 10, 107, 1, 1, 0, NULL, '2024-11-21 03:18:32', '2024-11-21 03:18:32'),
(738, 'La Odise', 'public_html/book_covers/738.jpg', 178, 22, 1, 10, 89, 1, 1, 0, NULL, '2024-11-21 03:18:32', '2024-11-21 03:18:32'),
(739, 'Ciegos', 'public_html/book_covers/739.jpg', 332, 9, 1, 10, 96, 1, 1, 0, NULL, '2024-11-21 03:18:32', '2024-11-21 03:18:32'),
(740, 'Pimienta en la cabecita', 'public_html/book_covers/740.jpg', 28, 15, 1, 10, 12, 1, 4, 0, NULL, '2024-11-21 03:18:32', '2024-11-21 03:18:32'),
(741, 'Platero y yo ', 'public_html/book_covers/741.jpg', 331, 15, 1, 10, 160, 1, 1, 0, NULL, '2024-11-21 03:18:32', '2024-11-21 03:18:32'),
(742, 'Platero y yo ', 'public_html/book_covers/742.jpg', 331, 15, 1, 10, 89, 1, 3, 0, NULL, '2024-11-21 03:18:32', '2024-11-21 03:18:32'),
(743, 'Platero y yo ', 'public_html/book_covers/743.jpg', 331, 15, 1, 10, 107, 1, 1, 0, NULL, '2024-11-21 03:18:32', '2024-11-21 03:18:32'),
(744, 'Papaíto piernas largas', 'public_html/book_covers/744.jpg', 207, 16, 1, 10, 63, 1, 1, 0, NULL, '2024-11-21 03:18:32', '2024-11-21 03:18:32'),
(745, 'Un dia en la vida de Paolo, Pintor Renacentista', 'public_html/book_covers/745.jpg', 196, 16, 1, 10, 63, 1, 1, 0, NULL, '2024-11-21 03:18:32', '2024-11-21 03:18:32'),
(746, 'Poesia Selecta Gongora - Quevedo', 'public_html/book_covers/746.jpg', 294, 25, 1, 10, 90, 1, 3, 0, NULL, '2024-11-21 03:18:32', '2024-11-21 03:18:32'),
(747, 'Poesia Selecta Manrique - De la Vega - De Leon', 'public_html/book_covers/747.jpg', 125, 25, 1, 10, 90, 1, 2, 0, NULL, '2024-11-21 03:18:32', '2024-11-21 03:18:32'),
(748, 'Garcilaso de la Vega Poesia Selecta', 'public_html/book_covers/748.jpg', 198, 25, 1, 10, 12, 1, 1, 0, NULL, '2024-11-21 03:18:32', '2024-11-21 03:18:32'),
(749, 'Poesia Religiosa Santa Teresa de jesus - San juan de la cruz', 'public_html/book_covers/749.jpg', 125, 26, 4, 10, 90, 1, 3, 0, NULL, '2024-11-21 03:18:32', '2024-11-21 03:18:32'),
(750, 'Francisca, yo te amo', 'public_html/book_covers/750.jpg', 228, 12, 1, 12, 12, 1, 3, 0, NULL, '2024-11-21 03:18:32', '2024-11-21 03:18:32'),
(751, 'Francisca, yo te amo', 'public_html/book_covers/751.jpg', 228, 12, 1, 12, 91, 1, 1, 0, NULL, '2024-11-21 03:18:32', '2024-11-21 03:18:32'),
(752, 'Hamlet', 'public_html/book_covers/752.jpg', 376, 13, 1, 12, 89, 1, 2, 0, NULL, '2024-11-21 03:18:32', '2024-11-21 03:18:32'),
(753, 'Hamlet', 'public_html/book_covers/753.jpg', 376, 13, 1, 12, 63, 1, 1, 0, NULL, '2024-11-21 03:18:32', '2024-11-21 03:18:32'),
(754, 'Heidi', 'public_html/book_covers/754.jpg', 240, 15, 1, 12, 63, 1, 2, 0, NULL, '2024-11-21 03:18:32', '2024-11-21 03:18:32'),
(755, 'Heidi', 'public_html/book_covers/755.jpg', 240, 15, 1, 12, 89, 1, 5, 0, NULL, '2024-11-21 03:18:32', '2024-11-21 03:18:32'),
(756, 'Heidi', 'public_html/book_covers/756.jpg', 240, 15, 1, 12, 107, 1, 1, 0, NULL, '2024-11-21 03:18:32', '2024-11-21 03:18:32'),
(757, 'Hombrecitos ', 'public_html/book_covers/757.jpg', 257, 16, 1, 12, 92, 1, 1, 0, NULL, '2024-11-21 03:18:32', '2024-11-21 03:18:32'),
(758, 'Hombrecitos ', 'public_html/book_covers/758.jpg', 257, 16, 1, 12, 107, 1, 2, 0, NULL, '2024-11-21 03:18:32', '2024-11-21 03:18:32'),
(759, 'Hombrecitos ', 'public_html/book_covers/759.jpg', 257, 16, 1, 12, 89, 1, 1, 0, NULL, '2024-11-21 03:18:32', '2024-11-21 03:18:32'),
(760, 'Hombrecitos ', 'public_html/book_covers/760.jpg', 257, 16, 1, 12, 63, 1, 1, 0, NULL, '2024-11-21 03:18:32', '2024-11-21 03:18:32'),
(761, 'Harry Potter y la piedra filosofal', 'public_html/book_covers/761.jpg', 190, 57, 1, 12, 93, 1, 2, 1, NULL, '2024-11-21 03:18:32', '2024-11-21 03:18:32'),
(762, 'Harry Potter y el prisionero de Azkaban', 'public_html/book_covers/762.jpg', 190, 57, 1, 12, 93, 1, 1, 0, NULL, '2024-11-21 03:18:32', '2024-11-21 03:18:32'),
(763, 'Casi fantasmas ¿Quien ha soltado a los fantasmas?', 'public_html/book_covers/763.jpg', 324, 15, 1, 12, 164, 1, 1, 0, NULL, '2024-11-21 03:18:32', '2024-11-21 03:18:32'),
(764, 'Hijo de ladron', 'public_html/book_covers/764.jpg', 271, 1, 1, 12, 63, 1, 2, 0, NULL, '2024-11-21 03:18:32', '2024-11-21 03:18:32'),
(765, 'La reina Isabel cantaba rancheras ', NULL, 424, 1, 1, 12, 12, 1, 1, 0, NULL, '2024-11-21 03:18:32', '2024-11-21 03:18:32'),
(766, 'Fabulas', 'public_html/book_covers/766.jpg', 463, 35, 1, 12, 12, 1, 1, 0, NULL, '2024-11-21 03:18:32', '2024-11-21 03:18:32'),
(767, 'Fausto', 'public_html/book_covers/767.jpg', 214, 14, 1, 12, 12, 1, 1, 0, NULL, '2024-11-21 03:18:32', '2024-11-21 03:18:32'),
(768, 'Fausto primera parte', 'public_html/book_covers/768.jpg', 214, 14, 1, 12, 12, 1, 1, 0, NULL, '2024-11-21 03:18:32', '2024-11-21 03:18:32'),
(769, 'Fausto', 'public_html/book_covers/769.jpg', 214, 14, 1, 12, 163, 1, 1, 0, NULL, '2024-11-21 03:18:32', '2024-11-21 03:18:32'),
(770, 'Historias de Shakespeare', NULL, 376, 21, 1, 12, 12, 1, 1, 0, NULL, '2024-11-21 03:18:32', '2024-11-21 03:18:32'),
(771, 'Hiawatha', NULL, 421, 25, 1, 12, 12, 1, 1, 0, NULL, '2024-11-21 03:18:32', '2024-11-21 03:18:32'),
(772, 'Fabiola', NULL, 56, 1, 1, 12, 63, 1, 1, 0, NULL, '2024-11-21 03:18:32', '2024-11-21 03:18:32'),
(773, 'Hija del silencio ', NULL, 305, 1, 1, 12, 68, 1, 1, 0, NULL, '2024-11-21 03:18:32', '2024-11-21 03:18:32'),
(774, 'Final del juego', 'public_html/book_covers/774.jpg', 241, 17, 1, 12, 24, 1, 1, 0, NULL, '2024-11-21 03:18:32', '2024-11-21 03:18:32'),
(775, 'Ha llegado un extraño', NULL, 304, 12, 1, 12, 87, 1, 1, 0, NULL, '2024-11-21 03:18:32', '2024-11-21 03:18:32'),
(776, 'Frontera Tomo 1', 'public_html/book_covers/776.jpg', 263, 1, 1, 12, 12, 1, 1, 0, NULL, '2024-11-21 03:18:32', '2024-11-21 03:18:32'),
(777, 'Frontera Tomo 2', 'public_html/book_covers/777.jpg', 263, 1, 1, 12, 12, 1, 1, 0, NULL, '2024-11-21 03:18:32', '2024-11-21 03:18:32'),
(778, 'Frankenstein', 'public_html/book_covers/778.jpg', 292, 6, 1, 12, 12, 1, 1, 0, NULL, '2024-11-21 03:18:32', '2024-11-21 03:18:32'),
(779, 'Historia Personal del \"Boom\"', 'public_html/book_covers/779.jpg', 223, 31, 2, 12, 12, 1, 1, 0, NULL, '2024-11-21 03:18:32', '2024-11-21 03:18:32'),
(780, 'Fabulas universales de la antigua grecia a la era espacial', NULL, 96, 35, 1, 12, 166, 1, 2, 0, NULL, '2024-11-21 03:18:32', '2024-11-21 03:18:32'),
(781, 'Fray Perico, Calcetin y el guerrillero Martin', NULL, 238, 15, 1, 12, 87, 1, 1, 0, NULL, '2024-11-21 03:18:32', '2024-11-21 03:18:32'),
(782, 'Fantasmas de dia', 'public_html/book_covers/782.jpg', 259, 16, 1, 12, 87, 1, 2, 0, NULL, '2024-11-21 03:18:32', '2024-11-21 03:18:32'),
(783, 'Sin familia', NULL, 180, 1, 1, 12, 103, 1, 1, 0, NULL, '2024-11-21 03:18:32', '2024-11-21 03:18:32'),
(784, '¡Hurra! Susanita ya tiene dientes', 'public_html/book_covers/784.jpg', 91, 15, 1, 12, 12, 1, 4, 1, NULL, '2024-11-21 03:18:32', '2024-11-21 03:18:32'),
(785, 'Historia de una gaviota y el gato que le enseño a volar', 'public_html/book_covers/785.jpg', 266, 16, 1, 12, 127, 1, 2, 0, NULL, '2024-11-21 03:18:32', '2024-11-21 03:18:32'),
(786, 'Un dia en la vida de Chimalpopoca, niño azteca', 'public_html/book_covers/786.jpg', 196, 16, 1, 12, 63, 1, 1, 0, NULL, '2024-11-21 03:18:32', '2024-11-21 03:18:32'),
(787, 'Huasipungo', 'public_html/book_covers/787.jpg', 219, 12, 1, 12, 12, 1, 1, 0, NULL, '2024-11-21 03:18:32', '2024-11-21 03:18:32'),
(788, 'Historia de dos ciudades', 'public_html/book_covers/788.jpg', 64, 2, 1, 12, 107, 1, 1, 0, NULL, '2024-11-21 03:18:32', '2024-11-21 03:18:32'),
(789, 'Fahrenheit 451', 'public_html/book_covers/789.jpg', 334, 11, 1, 12, 94, 1, 1, 0, NULL, '2024-11-21 03:18:32', '2024-11-21 03:18:32'),
(790, 'Fray Perico y su borrico', 'public_html/book_covers/790.jpg', 238, 15, 1, 12, 87, 1, 5, 0, NULL, '2024-11-21 03:18:32', '2024-11-21 03:18:32'),
(791, 'Historias de amor y adolescencia', 'public_html/book_covers/791.jpg', 228, 12, 1, 12, 12, 1, 3, 0, NULL, '2024-11-21 03:18:32', '2024-11-21 03:18:32'),
(792, 'Franz se mete en problemas de amor', 'public_html/book_covers/792.jpg', 70, 16, 1, 12, 12, 1, 5, 0, NULL, '2024-11-21 03:18:32', '2024-11-21 03:18:32'),
(793, 'Fabulas de Esopo', 'public_html/book_covers/793.jpg', 96, 35, 1, 12, 160, 1, 2, 0, NULL, '2024-11-21 03:18:32', '2024-11-21 03:18:32'),
(794, 'Fuenteovejojuna', NULL, 255, 13, 1, 12, 89, 1, 1, 0, NULL, '2024-11-21 03:18:32', '2024-11-21 03:18:32'),
(795, 'Hasta el domingo', 'public_html/book_covers/795.jpg', 282, 16, 1, 12, 12, 1, 1, 0, NULL, '2024-11-21 03:18:32', '2024-11-21 03:18:32'),
(796, '¿Que paso con Ana Bolton?', 'public_html/book_covers/796.jpg', 256, 1, 1, 12, 12, 1, 1, 0, NULL, '2024-11-21 03:18:32', '2024-11-21 03:18:32'),
(797, 'Pirata Rojo', NULL, 189, 5, 1, 1, 5, 1, 2, 0, NULL, '2024-11-21 03:18:32', '2024-11-21 03:18:32');

-- --------------------------------------------------------

--
-- Estructura de tabla para la tabla `migrations`
--

CREATE TABLE `migrations` (
  `id` int(10) UNSIGNED NOT NULL,
  `migration` varchar(255) NOT NULL,
  `batch` int(11) NOT NULL
) ENGINE=InnoDB DEFAULT CHARSET=utf8mb4 COLLATE=utf8mb4_unicode_ci;

--
-- Volcado de datos para la tabla `migrations`
--

INSERT INTO `migrations` (`id`, `migration`, `batch`) VALUES
(1, '0001_01_01_000000_create_users_table', 1),
(2, '2024_10_08_161232_create_autors_table', 1),
(3, '2024_10_08_163931_create_generos_table', 1),
(4, '2024_10_08_164110_create_categorias_table', 1),
(5, '2024_10_08_164137_create_repisas_table', 1),
(6, '2024_10_08_164157_create_editorials_table', 1),
(7, '2024_10_08_164220_create_usuarios_table', 1),
(8, '2024_10_08_164439_create_libros_table', 1),
(9, '2024_10_08_164503_create_prestamos_table', 1),
(10, '2024_10_12_171341_create_admins_table', 2),
(11, '2024_10_14_075835_modify_fecha_prestamo_in_prestamos_table', 3),
(12, '2024_11_21_210954_add_caratula_to_libros_table', 3),
(13, '2024_12_04_053422_modify_correo_in_usuarios_table', 4),
(14, '2024_12_08_064240_add_rechazo_fields_to_prestamos_table', 5);

-- --------------------------------------------------------

--
-- Estructura de tabla para la tabla `password_reset_tokens`
--

CREATE TABLE `password_reset_tokens` (
  `email` varchar(255) NOT NULL,
  `token` varchar(255) NOT NULL,
  `created_at` timestamp NULL DEFAULT NULL
) ENGINE=InnoDB DEFAULT CHARSET=utf8mb4 COLLATE=utf8mb4_unicode_ci;

-- --------------------------------------------------------

--
-- Estructura de tabla para la tabla `prestamos`
--

CREATE TABLE `prestamos` (
  `id` bigint(20) UNSIGNED NOT NULL,
  `id_usuario` bigint(20) UNSIGNED NOT NULL,
  `id_libro` bigint(20) UNSIGNED DEFAULT NULL,
  `titulo_libro` varchar(255) DEFAULT NULL,
  `editorial_libro` varchar(255) DEFAULT NULL,
  `fecha_solicitud` date NOT NULL,
  `fecha_prestamo` date DEFAULT NULL,
  `fecha_devolucion` date DEFAULT NULL,
  `devuelto` enum('Si','No') DEFAULT NULL,
  `fecha_rechazo` date DEFAULT NULL COMMENT 'Fecha en que se rechazó el préstamo',
  `motivo_rechazo` varchar(255) DEFAULT NULL COMMENT 'Motivo del rechazo del préstamo',
  `created_at` timestamp NULL DEFAULT NULL,
  `updated_at` timestamp NULL DEFAULT NULL
) ENGINE=InnoDB DEFAULT CHARSET=utf8mb4 COLLATE=utf8mb4_unicode_ci;

--
-- Volcado de datos para la tabla `prestamos`
--

INSERT INTO `prestamos` (`id`, `id_usuario`, `id_libro`, `titulo_libro`, `editorial_libro`, `fecha_solicitud`, `fecha_prestamo`, `fecha_devolucion`, `devuelto`, `fecha_rechazo`, `motivo_rechazo`, `created_at`, `updated_at`) VALUES
(84, 18, 35, 'El dacalogo de la salud', 'Casa Editora Sudamericana', '2024-01-05', '2024-12-13', '2024-12-12', NULL, NULL, NULL, '2024-11-22 08:56:21', '2024-12-13 20:41:13'),
(85, 28, 28, 'El caballero de los domingos', 'Editorial Paidós', '2024-10-22', '2024-11-22', NULL, NULL, NULL, NULL, '2024-11-22 08:56:21', '2024-11-22 23:25:08'),
(87, 22, 350, 'Memorias del General Morazan', 'Desconocida', '2024-09-06', '2024-11-22', '2024-11-22', NULL, NULL, NULL, '2024-11-22 08:56:21', '2024-11-23 00:45:59'),
(88, 4, 59, 'Bulevar del ron', 'Martínez Roca', '2024-02-26', '2024-12-13', '2024-12-12', NULL, NULL, NULL, '2024-11-22 08:56:21', '2024-12-13 18:04:12'),
(89, 19, 693, '¿Soy dixleso? por papelucho', 'Imprenta Universitaria', '2023-11-24', NULL, NULL, NULL, NULL, NULL, '2024-11-22 08:56:21', '2024-11-22 08:56:21'),
(90, 21, 429, 'Corazon', 'Editions Garnier Frères', '2024-03-13', '2024-11-23', '2024-11-29', NULL, NULL, NULL, '2024-11-22 08:56:21', '2024-11-23 05:08:34'),
(91, 8, 500, 'La guerra de los mundos', 'Prosa', '2024-01-25', NULL, NULL, NULL, '2024-12-13', 'todas las copias del libro se encuentras prestadas', '2024-11-22 08:56:21', '2024-12-13 17:01:13'),
(92, 17, 612, 'La ultima niebla', 'Sociedad Editora Revista Vea', '2024-06-10', '2024-11-23', '2024-11-23', 'Si', NULL, NULL, '2024-11-22 08:56:21', '2024-11-23 08:34:50'),
(93, 28, 681, 'Un dia en la vida de Samuel, buscador de oro en california', 'Zig Zag', '2024-08-30', '2024-11-22', '2024-11-22', NULL, NULL, NULL, '2024-11-22 08:56:21', '2024-11-23 02:09:30'),
(94, 20, 81, 'El Camino del Gaucho', 'Circulo Literario', '2024-09-24', '2024-11-22', NULL, NULL, NULL, NULL, '2024-11-22 08:56:21', '2024-11-22 23:27:44'),
(95, 3, 784, '¡Hurra! Susanita ya tiene dientes', 'Editorial Paidós', '2024-03-13', '2024-11-23', NULL, NULL, NULL, NULL, '2024-11-22 08:56:21', '2024-11-23 05:01:31'),
(96, 23, 567, 'Los que vivimos ', 'Hispano Americano', '2024-08-30', '2024-11-15', '2024-11-23', 'Si', NULL, NULL, '2024-11-22 08:56:21', '2024-11-23 03:02:39'),
(98, 4, 700, 'Papelucho perdido ', 'Imprenta Universitaria', '2024-02-13', '2024-11-23', '2024-11-23', 'Si', NULL, NULL, '2024-11-22 08:56:21', '2024-11-23 05:40:04'),
(99, 24, 5, 'El paje del duque de saboya', 'Editorial Paidós', '2023-12-22', '2024-11-23', '2024-11-30', 'Si', NULL, NULL, '2024-11-22 08:56:21', '2024-11-23 05:47:32'),
(101, 28, 618, 'La tia tula', 'Espasa Calpe', '2024-03-08', '2024-12-09', '2024-12-26', 'Si', NULL, NULL, '2024-11-22 08:56:21', '2024-12-09 07:14:14'),
(102, 11, 772, 'Fabiola', 'Zig Zag', '2024-09-12', '2024-11-22', '2024-11-23', 'No', NULL, NULL, '2024-11-22 08:56:21', '2024-11-23 03:03:09'),
(103, 2, 646, 'Don quijote de la mancha', 'Sopena Argentina', '2024-04-19', '2024-04-22', NULL, NULL, NULL, NULL, '2024-11-22 08:56:21', '2024-11-22 08:56:21'),
(104, 6, 68, 'En una calle de moscu ', 'Javiera Vergara Editor', '2023-12-22', '2023-12-25', NULL, NULL, NULL, NULL, '2024-11-22 08:56:21', '2024-11-22 08:56:21'),
(105, 22, 779, 'Historia Personal del \"Boom\"', 'Editorial Paidós', '2024-07-05', '2024-07-08', NULL, NULL, NULL, NULL, '2024-11-22 08:56:21', '2024-11-22 08:56:21'),
(106, 13, 558, 'Las cronicas de narnia: El principe de caspian', 'Editorial Paidós', '2024-09-06', '2024-09-09', NULL, NULL, NULL, NULL, '2024-11-22 08:56:21', '2024-11-22 08:56:21'),
(107, 13, 91, 'Aventuras en el mississippi', 'Ingelek Juvenil', '2024-04-26', '2024-04-29', NULL, NULL, NULL, NULL, '2024-11-22 08:56:21', '2024-11-22 08:56:21'),
(108, 1, 264, 'El Rey Lear', 'Editora Jurídica Manuel Montt', '2024-02-16', '2024-02-19', NULL, NULL, NULL, NULL, '2024-11-22 08:56:21', '2024-11-22 08:56:21'),
(109, 24, 615, 'La muerte en venecia', 'Seix Barral', '2024-09-27', '2024-09-30', NULL, NULL, NULL, NULL, '2024-11-22 08:56:21', '2024-11-22 08:56:21'),
(110, 9, 278, 'El pirata Garrapata', 'Edicon', '2024-08-13', '2024-08-15', NULL, NULL, NULL, NULL, '2024-11-22 08:56:21', '2024-11-22 08:56:21'),
(111, 13, 737, 'El Ruiseñor y la rosa', 'La Nación', '2024-01-29', '2024-01-30', NULL, NULL, NULL, NULL, '2024-11-22 08:56:21', '2024-11-22 08:56:21'),
(112, 6, 637, 'La cabeza olmeca', 'Emecé Editores', '2024-10-14', '2024-10-15', NULL, NULL, NULL, NULL, '2024-11-22 08:56:21', '2024-11-22 08:56:21'),
(113, 25, 707, 'Miguel de unamuno biografia', 'Editorial Paidós', '2024-05-16', '2024-05-17', NULL, NULL, NULL, NULL, '2024-11-22 08:56:21', '2024-11-22 08:56:21'),
(114, 6, 22, 'La personalidad humana', 'Librería de la Viuda de Ch. Bouret', '2024-04-26', '2024-04-29', NULL, NULL, NULL, NULL, '2024-11-22 08:56:21', '2024-11-22 08:56:21'),
(115, 25, 535, 'Los Intereses Creados', 'Prosa', '2024-09-25', '2024-09-26', NULL, NULL, NULL, NULL, '2024-11-22 08:56:21', '2024-11-22 08:56:21'),
(116, 27, 476, 'Constitucion politica de la republica de chile 1994', 'Siena', '2024-07-18', '2024-07-19', NULL, NULL, NULL, NULL, '2024-11-22 08:56:21', '2024-11-22 08:56:21'),
(117, 4, 698, 'Papelucho casi huérfano', 'Imprenta Universitaria', '2024-10-03', '2024-10-07', NULL, NULL, NULL, NULL, '2024-11-22 08:56:21', '2024-11-22 08:56:21'),
(118, 22, 660, 'Rambo - primera sangre', 'Emecé Editores', '2024-08-09', '2024-08-12', NULL, NULL, NULL, NULL, '2024-11-22 08:56:21', '2024-11-22 08:56:21'),
(119, 22, 47, 'Daniel de la vega - El poeta y el angel', 'Mauro', '2024-06-19', '2024-06-20', NULL, NULL, NULL, NULL, '2024-11-22 08:56:21', '2024-11-22 08:56:21'),
(120, 1, 319, 'El mejor alcalde, El Rey', 'Prosa', '2024-10-18', '2024-10-21', NULL, NULL, NULL, NULL, '2024-11-22 08:56:21', '2024-11-22 08:56:21'),
(121, 10, 724, 'Poesia Infantil', 'Editorial Paidós', '2024-09-10', '2024-09-11', NULL, NULL, NULL, NULL, '2024-11-22 08:56:21', '2024-11-22 08:56:21'),
(122, 7, 693, '¿Soy dixleso? por papelucho', 'Imprenta Universitaria', '2024-04-15', '2024-04-17', NULL, NULL, NULL, NULL, '2024-11-22 08:56:21', '2024-11-22 08:56:21'),
(123, 13, 464, 'Cyrano de bergerac', 'Prosa', '2024-10-03', '2024-10-07', NULL, NULL, NULL, NULL, '2024-11-22 08:56:21', '2024-11-22 08:56:21'),
(124, 26, 669, 'Rojo y negro', 'Empresa Ercilla', '2024-03-29', '2024-04-01', NULL, NULL, NULL, NULL, '2024-11-22 08:56:21', '2024-11-22 08:56:21'),
(125, 13, 617, 'La tia tula', 'Prosa', '2024-10-16', '2024-10-18', NULL, NULL, NULL, NULL, '2024-11-22 08:56:21', '2024-11-22 08:56:21'),
(126, 2, 661, 'Rayuela', 'Seix Barral', '2024-05-13', '2024-05-15', NULL, NULL, NULL, NULL, '2024-11-22 08:56:21', '2024-11-22 08:56:21'),
(127, 7, 431, 'Caramelos de menta', 'Edicon', '2024-11-04', '2024-11-05', NULL, NULL, NULL, NULL, '2024-11-22 08:56:21', '2024-11-22 08:56:21'),
(128, 20, 274, 'El niño que se fue en un arbol', 'Editorial Paidós', '2024-09-27', '2024-09-30', NULL, NULL, NULL, NULL, '2024-11-22 08:56:21', '2024-11-22 08:56:21'),
(129, 4, 133, 'Simbad el Marino Ali Babá y los Cuarenta ladrones', 'Prosa', '2024-01-19', '2024-01-22', NULL, NULL, NULL, NULL, '2024-11-22 08:56:21', '2024-11-22 08:56:21'),
(130, 6, 694, 'Papelucho y el marciano', 'Imprenta Universitaria', '2024-04-17', '2024-04-18', NULL, NULL, NULL, NULL, '2024-11-22 08:56:21', '2024-11-22 08:56:21'),
(131, 9, 612, 'La ultima niebla', 'Sociedad Editora Revista Vea', '2024-09-11', '2024-09-12', NULL, NULL, NULL, NULL, '2024-11-22 08:56:21', '2024-11-22 08:56:21'),
(132, 20, 71, 'Sendero', 'Editorial Paidós', '2024-11-06', '2024-11-08', NULL, NULL, NULL, NULL, '2024-11-22 08:56:21', '2024-11-22 08:56:21'),
(133, 23, 341, 'Mirando al futuro', 'Desconocida', '2024-08-01', '2024-08-05', NULL, NULL, NULL, NULL, '2024-11-22 08:56:21', '2024-11-22 08:56:21'),
(134, 27, 36, 'El guarda-espaldas', 'Emecé Editores', '2023-12-22', '2023-12-25', NULL, NULL, NULL, NULL, '2024-11-22 08:56:21', '2024-11-22 08:56:21'),
(135, 12, 766, 'Fabulas', 'Editorial Paidós', '2024-06-28', '2024-07-01', NULL, NULL, NULL, NULL, '2024-11-22 08:56:21', '2024-11-22 08:56:21'),
(136, 25, 766, 'Fabulas', 'Editorial Paidós', '2024-09-20', '2024-09-23', NULL, NULL, NULL, NULL, '2024-11-22 08:56:21', '2024-11-22 08:56:21'),
(137, 9, 626, 'La llamada de la selva', 'Editorial Paidós', '2024-09-25', '2024-09-27', NULL, NULL, NULL, NULL, '2024-11-22 08:56:21', '2024-11-22 08:56:21'),
(138, 20, 723, 'Pobres Gentes', 'La Nación', '2024-04-05', '2024-04-08', NULL, NULL, NULL, NULL, '2024-11-22 08:56:21', '2024-11-22 08:56:21'),
(139, 23, 206, 'Guerra del Pacifico Memorias de Jose Francisco Vergara, Diario de campaña de Diego Dublé Almeida', 'Editorial Paidós', '2024-07-30', '2024-07-31', NULL, NULL, NULL, NULL, '2024-11-22 08:56:21', '2024-11-22 08:56:21'),
(140, 20, 380, 'Crepusculario', 'Nascimento', '2024-01-19', '2024-01-22', NULL, NULL, NULL, NULL, '2024-11-22 08:56:21', '2024-11-22 08:56:21'),
(141, 23, 391, 'Mujercitas ', 'La Nación', '2024-09-27', '2024-09-30', NULL, NULL, NULL, NULL, '2024-11-22 08:56:21', '2024-11-22 08:56:21'),
(142, 25, 673, 'Sobrevivir - Memorias', 'Editorial Paidós', '2024-09-20', '2024-09-23', NULL, NULL, NULL, NULL, '2024-11-22 08:56:21', '2024-11-22 08:56:21'),
(143, 3, 119, 'El templete de nasse house', 'Biblioteca de Oro', '2024-06-14', '2024-06-17', NULL, NULL, NULL, NULL, '2024-11-22 08:56:21', '2024-11-22 08:56:21'),
(144, 11, 786, 'Un dia en la vida de Chimalpopoca, niño azteca', 'Zig Zag', '2024-06-07', '2024-06-10', NULL, NULL, NULL, NULL, '2024-11-22 08:56:21', '2024-11-22 08:56:21'),
(145, 21, 392, 'Mujercitas ', 'Zig Zag', '2024-05-20', '2024-05-21', NULL, NULL, NULL, NULL, '2024-11-22 08:56:21', '2024-11-22 08:56:21'),
(146, 6, 608, 'La granja de los animales', 'Editorial Paidós', '2024-07-08', '2024-07-10', NULL, NULL, NULL, NULL, '2024-11-22 08:56:21', '2024-11-22 08:56:21'),
(147, 11, 766, 'Fabulas', 'Editorial Paidós', '2024-09-20', '2024-09-23', NULL, NULL, NULL, NULL, '2024-11-22 08:56:21', '2024-11-22 08:56:21'),
(148, 12, 795, 'Hasta el domingo', 'Editorial Paidós', '2024-10-17', '2024-10-21', NULL, NULL, NULL, NULL, '2024-11-22 08:56:21', '2024-11-22 08:56:21'),
(149, 11, 253, 'El Socio', 'Sociedad Editora Revista Vea', '2024-08-12', '2024-08-13', NULL, NULL, NULL, NULL, '2024-11-22 08:56:21', '2024-11-22 08:56:21'),
(150, 14, 781, 'Fray Perico, Calcetin y el guerrillero Martin', 'Edicon', '2024-07-05', '2024-07-08', NULL, NULL, NULL, NULL, '2024-11-22 08:56:21', '2024-11-22 08:56:21'),
(151, 21, 147, 'Antologia poetica Antonio Machado', 'Sociedad Editora Revista Vea', '2023-12-08', '2023-12-11', NULL, NULL, NULL, NULL, '2024-11-22 08:56:21', '2024-11-22 08:56:21'),
(152, 19, 312, 'El mercader de venecia', 'Prosa', '2024-07-08', '2024-07-09', NULL, NULL, NULL, NULL, '2024-11-22 08:56:21', '2024-11-22 08:56:21'),
(153, 26, 723, 'Pobres Gentes', 'La Nación', '2024-08-29', '2024-09-02', NULL, NULL, NULL, NULL, '2024-11-22 08:56:21', '2024-11-22 08:56:21'),
(154, 27, 407, 'Cuentos para marisol', 'Zig Zag', '2024-01-03', '2024-01-04', NULL, NULL, NULL, NULL, '2024-11-22 08:56:21', '2024-11-22 08:56:21'),
(155, 4, 150, 'Aventuras de Sherlock Holmes', 'Zig Zag', '2024-09-06', '2024-09-09', NULL, NULL, NULL, NULL, '2024-11-22 08:56:22', '2024-11-22 08:56:22'),
(156, 12, 20, 'Historia de la literatura chilena', 'Editorial Paidós', '2024-05-10', '2024-05-13', NULL, NULL, NULL, NULL, '2024-11-22 08:56:22', '2024-11-22 08:56:22'),
(157, 6, 304, 'El avaro', 'Prosa', '2023-12-21', '2023-12-25', NULL, NULL, NULL, NULL, '2024-11-22 08:56:22', '2024-11-22 08:56:22'),
(158, 17, 732, 'Un día en la vida de Psiqué, La enamordad de un dios', 'Zig Zag', '2023-12-11', '2023-12-12', NULL, NULL, NULL, NULL, '2024-11-22 08:56:22', '2024-11-22 08:56:22'),
(159, 6, 12, 'Venganza irlandesa', 'Editorial Paidós', '2024-03-19', '2024-03-20', NULL, NULL, NULL, NULL, '2024-11-22 08:56:22', '2024-11-22 08:56:22'),
(160, 30, 54, 'El placer', 'Guillermo Kraft Limitada', '2024-04-05', '2024-04-08', NULL, NULL, NULL, NULL, '2024-11-22 08:56:22', '2024-11-22 08:56:22'),
(161, 30, 487, 'Martin rivas - Tomo 2', 'Editorial Paidós', '2023-11-23', '2023-11-24', NULL, NULL, NULL, NULL, '2024-11-22 08:56:22', '2024-11-22 08:56:22'),
(162, 6, 539, 'Los cuadernos de don Rigoberto', 'Alfaguara', '2024-02-22', '2024-02-26', NULL, NULL, NULL, NULL, '2024-11-22 08:56:22', '2024-11-22 08:56:22'),
(163, 4, 681, 'Un dia en la vida de Samuel, buscador de oro en california', 'Zig Zag', '2024-08-23', '2024-08-26', NULL, NULL, NULL, NULL, '2024-11-22 08:56:22', '2024-11-22 08:56:22'),
(164, 23, 76, 'El Médico de la Lhasa', 'Destino S.L', '2024-07-26', '2024-07-29', NULL, NULL, NULL, NULL, '2024-11-22 08:56:22', '2024-11-22 08:56:22'),
(165, 19, 138, 'Antologia de cuentos hispanoamericanos', 'Prosa', '2024-06-20', '2024-06-21', NULL, NULL, NULL, NULL, '2024-11-22 08:56:22', '2024-11-22 08:56:22'),
(166, 7, 22, 'La personalidad humana', 'Librería de la Viuda de Ch. Bouret', '2024-02-09', '2024-02-12', NULL, NULL, NULL, NULL, '2024-11-22 08:56:22', '2024-11-22 08:56:22'),
(167, 28, 310, 'El profesor', 'Editorial Paidós', '2024-01-22', '2024-01-23', NULL, NULL, NULL, NULL, '2024-11-22 08:56:22', '2024-11-22 08:56:22'),
(168, 3, 410, 'Cinco semanas en globo', 'Prosa', '2024-10-14', '2024-10-15', NULL, NULL, NULL, NULL, '2024-11-22 08:56:22', '2024-11-22 08:56:22'),
(169, 24, 178, 'Asesinato en el canadian express', 'Edicon', '2023-11-24', '2023-11-27', NULL, NULL, NULL, NULL, '2024-11-22 08:56:22', '2024-11-22 08:56:22'),
(170, 8, 275, 'El Caballero de la armadura oxidada', 'Obelisco', '2024-07-30', '2024-07-31', NULL, NULL, NULL, NULL, '2024-11-22 08:56:22', '2024-11-22 08:56:22'),
(171, 5, 740, 'Pimienta en la cabecita', 'Editorial Paidós', '2024-02-02', '2024-02-05', NULL, NULL, NULL, NULL, '2024-11-22 08:56:22', '2024-11-22 08:56:22'),
(172, 18, 660, 'Rambo - primera sangre', 'Emecé Editores', '2024-08-15', '2024-08-19', NULL, NULL, NULL, NULL, '2024-11-22 08:56:22', '2024-11-22 08:56:22'),
(173, 19, 557, 'Las noches blancas', 'Prosa', '2024-05-31', '2024-06-03', NULL, NULL, NULL, NULL, '2024-11-22 08:56:22', '2024-11-22 08:56:22'),
(174, 11, 79, 'Amalia', 'Sopena Argentina', '2024-10-03', '2024-10-04', NULL, NULL, NULL, NULL, '2024-11-22 08:56:22', '2024-11-22 08:56:22'),
(175, 30, 273, 'El Pirata', 'Prosa', '2024-08-29', '2024-09-02', NULL, NULL, NULL, NULL, '2024-11-22 08:56:22', '2024-11-22 08:56:22'),
(176, 4, 744, 'Papaíto piernas largas', 'Zig Zag', '2024-07-04', '2024-07-05', NULL, NULL, NULL, NULL, '2024-11-22 08:56:22', '2024-11-22 08:56:22'),
(177, 17, 257, 'El gran Gatsby', 'Editorial Paidós', '2024-05-17', '2024-05-20', NULL, NULL, NULL, NULL, '2024-11-22 08:56:22', '2024-11-22 08:56:22'),
(178, 23, 71, 'Sendero', 'Editorial Paidós', '2024-10-21', '2024-10-22', NULL, NULL, NULL, NULL, '2024-11-22 08:56:22', '2024-11-22 08:56:22'),
(179, 2, 590, 'La chicha del tambor', 'Editorial Paidós', '2024-06-05', '2024-06-07', NULL, NULL, NULL, NULL, '2024-11-22 08:56:22', '2024-11-22 08:56:22'),
(180, 13, 412, 'Cuentos folcloricos para niños', 'Editorial Paidós', '2024-02-22', '2024-02-26', NULL, NULL, NULL, NULL, '2024-11-22 08:56:22', '2024-11-22 08:56:22'),
(181, 12, 700, 'Papelucho perdido ', 'Imprenta Universitaria', '2024-03-12', '2024-03-13', NULL, NULL, NULL, NULL, '2024-11-22 08:56:22', '2024-11-22 08:56:22'),
(182, 9, 136, 'Antologia  de la poesia universal', 'Centro Editor de América Latina', '2024-06-28', '2024-07-01', NULL, NULL, NULL, NULL, '2024-11-22 08:56:22', '2024-11-22 08:56:22'),
(183, 8, 498, 'El pequeño nicolas', 'Compañía General de Ediciones S.A', '2024-02-23', '2024-02-26', '2024-03-05', 'Si', NULL, NULL, '2024-11-22 08:56:22', '2024-11-22 08:56:22'),
(184, 21, 291, 'El maravilloso Viaje de Nils Holgersson', 'La Nación', '2024-03-25', '2024-03-27', '2024-04-08', 'Si', NULL, NULL, '2024-11-22 08:56:22', '2024-11-22 08:56:22'),
(185, 26, 659, 'Recuerdos del pasado - Tomo 2', 'Zig Zag', '2024-03-14', '2024-03-15', '2024-03-28', 'Si', NULL, NULL, '2024-11-22 08:56:22', '2024-11-22 08:56:22'),
(186, 1, 526, 'Los Jefes', 'Javier Vergara Editor', '2024-05-03', '2024-05-06', '2024-05-14', 'Si', NULL, NULL, '2024-11-22 08:56:22', '2024-11-22 08:56:22'),
(187, 6, 251, 'El principito ', 'Colicheuque Ltda.', '2024-05-17', '2024-05-20', '2024-05-30', 'No', NULL, NULL, '2024-11-22 08:56:22', '2024-11-22 08:56:22'),
(188, 9, 710, 'Crepusculario ', 'Editorial Paidós', '2024-03-05', '2024-03-06', '2024-03-13', 'No', NULL, NULL, '2024-11-22 08:56:22', '2024-11-22 08:56:22'),
(189, 17, 194, 'Gracia y el forastero', 'Zig Zag', '2024-06-06', '2024-06-07', '2024-06-18', 'No', NULL, NULL, '2024-11-22 08:56:22', '2024-11-22 08:56:22'),
(190, 18, 239, 'El lobo de Gubbio', 'Zig Zag', '2024-05-27', '2024-05-29', '2024-06-12', 'Si', NULL, NULL, '2024-11-22 08:56:22', '2024-11-22 08:56:22'),
(191, 12, 603, 'La odisea', 'La Nación', '2024-02-09', '2024-02-12', '2024-02-19', 'No', NULL, NULL, '2024-11-22 08:56:22', '2024-11-22 08:56:22'),
(192, 9, 395, 'Mi querido enemigo', 'Zig Zag', '2024-01-02', '2024-01-04', '2024-01-19', 'No', NULL, NULL, '2024-11-22 08:56:22', '2024-11-22 08:56:22'),
(193, 7, 548, 'Los Lusiadas', 'Zig Zag', '2024-10-04', '2024-10-07', '2024-10-21', 'Si', NULL, NULL, '2024-11-22 08:56:22', '2024-11-22 08:56:22'),
(194, 6, 535, 'Los Intereses Creados', 'Prosa', '2024-03-11', '2024-03-12', '2024-03-22', 'Si', NULL, NULL, '2024-11-22 08:56:22', '2024-11-22 08:56:22'),
(195, 15, 332, 'La muerte de Artemio Cruz', 'Fondo de Cultura Económica', '2024-06-28', '2024-07-01', '2024-07-15', 'Si', NULL, NULL, '2024-11-22 08:56:22', '2024-11-22 08:56:22'),
(196, 14, 137, 'A tango abierto', 'Alfaguara', '2024-05-15', '2024-05-16', '2024-05-27', 'No', NULL, NULL, '2024-11-22 08:56:22', '2024-11-22 08:56:22'),
(197, 9, 704, 'Pais de las sombras largas', 'La Isla', '2024-02-02', '2024-02-05', '2024-02-14', 'Si', NULL, NULL, '2024-11-22 08:56:22', '2024-11-22 08:56:22'),
(198, 22, 436, 'Cuentos de la selva', 'Centro Gráfico', '2024-07-19', '2024-07-22', '2024-07-29', 'No', NULL, NULL, '2024-11-22 08:56:22', '2024-11-22 08:56:22'),
(199, 9, 562, 'Las mil y una noche', 'Prosa', '2023-12-15', '2023-12-18', '2023-12-28', 'Si', NULL, NULL, '2024-11-22 08:56:22', '2024-11-22 08:56:22'),
(200, 7, 396, 'Mi querido enemigo', 'Colicheuque Ltda.', '2024-07-30', '2024-07-31', '2024-08-12', 'No', NULL, NULL, '2024-11-22 08:56:22', '2024-11-22 08:56:22'),
(201, 10, 279, 'El capitán Calzoncillos y el ataque de los retretes parlantes', 'Edicon', '2024-07-26', '2024-07-29', '2024-08-12', 'Si', NULL, NULL, '2024-11-22 08:56:22', '2024-11-22 08:56:22'),
(202, 13, 484, 'Gramatica moderna de la lengua española', 'Bibliografía Internacional S.A.', '2024-01-08', '2024-01-09', '2024-01-17', 'No', NULL, NULL, '2024-11-22 08:56:22', '2024-11-22 08:56:22'),
(203, 12, 402, 'Medallones de sol Medallones de luna', 'Zig Zag', '2024-06-28', '2024-07-01', '2024-07-11', 'Si', NULL, NULL, '2024-11-22 08:56:22', '2024-11-22 08:56:22'),
(204, 4, 363, 'Un dia en la vida de Makarina, Bella de Rapa Nui', 'Zig Zag', '2023-12-22', '2023-12-25', '2024-01-02', 'Si', NULL, NULL, '2024-11-22 08:56:22', '2024-11-22 08:56:22'),
(205, 4, 491, 'El polizon de la santa maria', 'Editorial Paidós', '2024-06-10', '2024-06-11', '2024-06-24', 'Si', NULL, NULL, '2024-11-22 08:56:22', '2024-11-22 08:56:22'),
(206, 12, 589, 'La revolucion laboral en chile', 'Zig Zag', '2024-09-26', '2024-09-27', '2024-10-07', 'Si', NULL, NULL, '2024-11-22 08:56:22', '2024-11-22 08:56:22'),
(207, 20, 381, 'La mujer rota', 'Seix Barral', '2024-05-27', '2024-05-28', '2024-06-11', 'No', NULL, NULL, '2024-11-22 08:56:22', '2024-11-22 08:56:22'),
(208, 23, 414, 'Cuentos de chile 2', 'Zig Zag', '2023-11-30', '2023-12-01', '2023-12-11', 'Si', NULL, NULL, '2024-11-22 08:56:22', '2024-11-22 08:56:22'),
(209, 30, 648, 'Regalo de navidad y otros cuentos', 'Prosa', '2024-02-14', '2024-02-15', '2024-02-29', 'Si', NULL, NULL, '2024-11-22 08:56:22', '2024-11-22 08:56:22'),
(210, 17, 339, 'La Iliada', 'Mediterráneo', '2024-02-09', '2024-02-12', '2024-02-23', 'No', NULL, NULL, '2024-11-22 08:56:22', '2024-11-22 08:56:22'),
(211, 2, 345, 'Mas alla de las cosas', 'Paulinas', '2024-07-19', '2024-07-22', '2024-08-06', 'Si', NULL, NULL, '2024-11-22 08:56:22', '2024-11-22 08:56:22'),
(212, 14, 771, 'Hiawatha', 'Editorial Paidós', '2024-05-21', '2024-05-22', '2024-06-05', 'Si', NULL, NULL, '2024-11-22 08:56:22', '2024-11-22 08:56:22'),
(213, 28, 737, 'El Ruiseñor y la rosa', 'La Nación', '2024-08-09', '2024-08-12', '2024-08-26', 'Si', NULL, NULL, '2024-11-22 08:56:22', '2024-11-22 08:56:22'),
(214, 13, 565, 'Las aventuras de Tom Sawyer', 'Colicheuque Ltda.', '2023-12-29', '2024-01-01', '2024-01-12', 'Si', NULL, NULL, '2024-11-22 08:56:22', '2024-11-22 08:56:22'),
(215, 20, 539, 'Los cuadernos de don Rigoberto', 'Alfaguara', '2024-03-08', '2024-03-11', '2024-03-25', 'Si', NULL, NULL, '2024-11-22 08:56:22', '2024-11-22 08:56:22'),
(216, 17, 635, 'La vuelta al mundo en 80 dias', 'Euroliber', '2023-11-27', '2023-11-28', '2023-12-06', 'Si', NULL, NULL, '2024-11-22 08:56:22', '2024-11-22 08:56:22'),
(217, 23, 186, 'Don Juan Tenorio', 'Prosa', '2023-11-27', '2023-11-29', '2023-12-13', 'No', NULL, NULL, '2024-11-22 08:56:22', '2024-11-22 08:56:22'),
(218, 17, 551, 'Los Mercenarios', 'Emecé Editores', '2024-05-17', '2024-05-20', '2024-06-03', 'Si', NULL, NULL, '2024-11-22 08:56:22', '2024-11-22 08:56:22'),
(219, 20, 103, 'El Auca Aventurero', 'Zig Zag', '2023-12-08', '2023-12-11', '2023-12-19', 'No', NULL, NULL, '2024-11-22 08:56:22', '2024-11-22 08:56:22'),
(220, 1, 137, 'A tango abierto', 'Alfaguara', '2024-08-30', '2024-09-02', '2024-09-16', 'Si', NULL, NULL, '2024-11-22 08:56:22', '2024-11-22 08:56:22'),
(221, 20, 599, 'La increible y triste historia de la candida erendira y de su abuela desalmada', 'Desconocida', '2024-01-05', '2024-01-08', '2024-01-15', 'Si', NULL, NULL, '2024-11-22 08:56:22', '2024-11-22 08:56:22'),
(222, 8, 169, 'El Loco estero', 'Editorial Paidós', '2024-07-05', '2024-07-08', '2024-07-19', 'Si', NULL, NULL, '2024-11-22 08:56:22', '2024-11-22 08:56:22'),
(223, 20, 677, 'Rio sangriento', 'Editorial Paidós', '2024-05-10', '2024-05-13', '2024-05-20', 'Si', NULL, NULL, '2024-11-22 08:56:22', '2024-11-22 08:56:22'),
(224, 17, 675, 'Siete dias de la señora K.', 'Editorial Paidós', '2024-06-03', '2024-06-04', '2024-06-19', 'Si', NULL, NULL, '2024-11-22 08:56:22', '2024-11-22 08:56:22'),
(225, 26, 441, 'Como en santiago', 'Mar del Sur', '2024-09-05', '2024-09-09', '2024-09-19', 'Si', NULL, NULL, '2024-11-22 08:56:22', '2024-11-22 08:56:22'),
(226, 5, 83, 'Cabo de Hornos', 'Orbe', '2024-07-10', '2024-07-12', '2024-07-22', 'No', NULL, NULL, '2024-11-22 08:56:22', '2024-11-22 08:56:22'),
(227, 9, 323, 'Un dia en la vida de Maximo, Poeta Romano', 'Zig Zag', '2024-06-11', '2024-06-13', '2024-06-26', 'No', NULL, NULL, '2024-11-22 08:56:22', '2024-11-22 08:56:22'),
(228, 20, 695, 'Papelucho historiador', 'Imprenta Universitaria', '2024-01-26', '2024-01-29', '2024-02-12', 'Si', NULL, NULL, '2024-11-22 08:56:22', '2024-11-22 08:56:22'),
(229, 29, 754, 'Heidi', 'Zig Zag', '2024-09-19', '2024-09-20', '2024-10-02', 'Si', NULL, NULL, '2024-11-22 08:56:22', '2024-11-22 08:56:22'),
(230, 21, 36, 'El guarda-espaldas', 'Emecé Editores', '2024-10-08', '2024-10-09', '2024-10-22', 'No', NULL, NULL, '2024-11-22 08:56:22', '2024-11-22 08:56:22'),
(231, 11, 251, 'El principito ', 'Colicheuque Ltda.', '2024-02-02', '2024-02-05', '2024-02-19', 'Si', NULL, NULL, '2024-11-22 08:56:22', '2024-11-22 08:56:22'),
(232, 19, 649, 'Rimas y leyendas', 'Sociedad Editora Revista Vea', '2024-03-04', '2024-03-06', '2024-03-15', 'Si', NULL, NULL, '2024-11-22 08:56:22', '2024-11-22 08:56:22'),
(233, 15, 797, 'Pirata Rojo', 'Peuser', '2024-02-13', '2024-02-15', '2024-02-26', 'Si', NULL, NULL, '2024-11-22 08:56:22', '2024-11-22 08:56:22'),
(234, 8, 131, 'Antologia de Leyendas y Traiciones ', 'Imprenta Universitaria', '2024-06-11', '2024-06-12', '2024-06-26', 'Si', NULL, NULL, '2024-11-22 08:56:22', '2024-11-22 08:56:22'),
(235, 22, 370, 'Cuentos de Oscar Wilde', 'Colicheuque Ltda.', '2024-01-19', '2024-01-22', '2024-02-06', 'Si', NULL, NULL, '2024-11-22 08:56:22', '2024-11-22 08:56:22'),
(236, 26, 671, 'Rosita sombrero', 'Zig Zag', '2023-12-08', '2023-12-11', '2023-12-20', 'Si', NULL, NULL, '2024-11-22 08:56:22', '2024-11-22 08:56:22'),
(237, 20, 171, 'Descubrimientos orientadores ', 'Editorial Paidós', '2024-02-16', '2024-02-19', '2024-03-01', 'No', NULL, NULL, '2024-11-22 08:56:22', '2024-11-22 08:56:22'),
(238, 26, 25, 'Black gambit', 'Warner Books Edition', '2024-01-12', '2024-01-15', '2024-01-25', 'Si', NULL, NULL, '2024-11-22 08:56:22', '2024-11-22 08:56:22'),
(239, 10, 63, 'En el nombre del padre', 'La Tercera', '2024-01-10', '2024-01-11', '2024-01-23', 'Si', NULL, NULL, '2024-11-22 08:56:22', '2024-11-22 08:56:22'),
(240, 10, 259, 'El burlador de Sevilla', 'Prosa', '2023-11-27', '2023-11-28', '2023-12-11', 'Si', NULL, NULL, '2024-11-22 08:56:22', '2024-11-22 08:56:22'),
(241, 15, 163, 'Benito Coreno', 'Editorial Paidós', '2024-10-28', '2024-10-29', '2024-11-11', 'Si', NULL, NULL, '2024-11-22 08:56:22', '2024-11-22 08:56:22'),
(242, 16, 258, 'El hombre de la rosa y otros cuentos', 'Zig Zag', '2024-05-24', '2024-05-27', '2024-06-10', 'Si', NULL, NULL, '2024-11-22 08:56:22', '2024-11-22 08:56:22'),
(243, 11, 62, 'El libro negro de la justicia chilena', 'Planeta', '2024-01-22', '2024-01-24', '2024-01-31', 'Si', NULL, NULL, '2024-11-22 08:56:22', '2024-11-22 08:56:22'),
(244, 27, 743, 'Platero y yo ', 'La Nación', '2024-04-30', '2024-05-02', '2024-05-14', 'Si', NULL, NULL, '2024-11-22 08:56:22', '2024-11-22 08:56:22'),
(245, 2, 721, 'Juan Mondioba piropos porteños', 'Potosí', '2023-12-15', '2023-12-18', '2023-12-28', 'Si', NULL, NULL, '2024-11-22 08:56:22', '2024-11-22 08:56:22'),
(246, 12, 277, 'El Lazarillo de Tormes', 'Ercilla', '2024-01-15', '2024-01-17', '2024-01-29', 'Si', NULL, NULL, '2024-11-22 08:56:22', '2024-11-22 08:56:22'),
(247, 14, 245, 'El retrato de Dorian Gray', 'Ercilla', '2024-05-24', '2024-05-27', '2024-06-10', 'Si', NULL, NULL, '2024-11-22 08:56:22', '2024-11-22 08:56:22'),
(248, 5, 69, 'Escritos del rtiempo de guerra', 'Taurus', '2024-07-22', '2024-07-24', '2024-08-07', 'Si', NULL, NULL, '2024-11-22 08:56:22', '2024-11-22 08:56:22'),
(249, 7, 41, 'No hay pichintun que dure 100 años', 'Cerro Santa Lucía', '2024-06-28', '2024-07-01', '2024-07-08', 'Si', NULL, NULL, '2024-11-22 08:56:22', '2024-11-22 08:56:22'),
(250, 3, 113, 'Endless Night', 'Collins', '2024-01-29', '2024-01-30', '2024-02-06', 'Si', NULL, NULL, '2024-11-22 08:56:22', '2024-11-22 08:56:22'),
(251, 12, 45, 'El doctor fischer de ginebra', 'Emecé Editores', '2024-03-01', '2024-03-04', '2024-03-15', 'Si', NULL, NULL, '2024-11-22 08:56:22', '2024-11-22 08:56:22'),
(252, 7, 23, 'La marca', 'Destino S.L', '2024-10-25', '2024-10-28', '2024-11-08', 'Si', NULL, NULL, '2024-11-22 08:56:22', '2024-11-22 08:56:22'),
(253, 2, 164, 'Aventuras de John Davys', 'Editorial Paidós', '2024-06-25', '2024-06-26', '2024-07-11', 'Si', NULL, NULL, '2024-11-22 08:56:22', '2024-11-22 08:56:22'),
(254, 12, 115, 'El Círculo Tornasol', 'Editorial Paidós', '2024-08-27', '2024-08-29', '2024-09-12', 'Si', NULL, NULL, '2024-11-22 08:56:22', '2024-11-22 08:56:22'),
(255, 20, 546, 'Los Personajes', 'Zig Zag', '2024-05-23', '2024-05-27', '2024-06-06', 'No', NULL, NULL, '2024-11-22 08:56:22', '2024-11-22 08:56:22'),
(256, 24, 129, 'Un dia en la vida de Amaru, Correa Inca', 'Zig Zag', '2024-05-31', '2024-06-03', '2024-06-13', 'Si', NULL, NULL, '2024-11-22 08:56:22', '2024-11-22 08:56:22'),
(257, 20, 377, 'La araucana', 'La Nación', '2024-08-02', '2024-08-05', '2024-08-14', 'Si', NULL, NULL, '2024-11-22 08:56:22', '2024-11-22 08:56:22'),
(258, 2, 294, 'En el Viejo Almendral', 'Ercilla', '2024-08-20', '2024-08-22', '2024-09-06', 'Si', NULL, NULL, '2024-11-22 08:56:22', '2024-11-22 08:56:22'),
(259, 23, 216, 'Doctor Zhivago tomo 1', 'Editorial Paidós', '2024-11-15', '2024-11-18', '2024-12-02', 'Si', NULL, NULL, '2024-11-22 08:56:22', '2024-11-22 08:56:22'),
(260, 18, 612, 'La ultima niebla', 'Sociedad Editora Revista Vea', '2024-04-05', '2024-04-08', '2024-04-15', 'Si', NULL, NULL, '2024-11-22 08:56:22', '2024-11-22 08:56:22'),
(261, 20, 472, 'El viejo y el mar', 'Prosa', '2024-02-26', '2024-02-28', '2024-03-11', 'Si', NULL, NULL, '2024-11-22 08:56:22', '2024-11-22 08:56:22'),
(262, 13, 525, 'Los Romanticos Alemanes', 'Centro Editor de América Latina', '2024-07-31', '2024-08-02', '2024-08-09', 'Si', NULL, NULL, '2024-11-22 08:56:22', '2024-11-22 08:56:22'),
(263, 14, 66, 'Miguel Wolodijowski', 'Epesa', '2024-07-11', '2024-07-15', '2024-07-24', 'No', NULL, NULL, '2024-11-22 08:56:22', '2024-11-22 08:56:22'),
(264, 10, 773, 'Hija del silencio ', 'Javier Vergara Editor', '2024-07-22', '2024-07-24', '2024-08-01', 'Si', NULL, NULL, '2024-11-22 08:56:22', '2024-11-22 08:56:22'),
(265, 25, 612, 'La ultima niebla', 'Sociedad Editora Revista Vea', '2024-07-24', '2024-07-26', '2024-08-12', 'Si', NULL, NULL, '2024-11-22 08:56:22', '2024-11-22 08:56:22'),
(266, 8, 516, 'Los mifenses', 'Edicon', '2023-12-06', '2023-12-08', '2023-12-18', 'Si', NULL, NULL, '2024-11-22 08:56:22', '2024-11-22 08:56:22'),
(267, 7, 646, 'Don quijote de la mancha', 'Sopena Argentina', '2024-11-19', '2024-11-20', '2024-12-03', 'No', NULL, NULL, '2024-11-22 08:56:22', '2024-11-22 08:56:22'),
(268, 12, 184, 'Don Quijote, Don Juan y la Celestina', 'Espasa Calpe Argentina', '2024-06-25', '2024-06-27', '2024-07-05', 'Si', NULL, NULL, '2024-11-22 08:56:22', '2024-11-22 08:56:22'),
(269, 19, 314, 'El sombrero de tres picos El capitan veneno', 'Editorial Paidós', '2024-08-28', '2024-08-30', '2024-09-09', 'Si', NULL, NULL, '2024-11-22 08:56:22', '2024-11-22 08:56:22'),
(270, 17, 551, 'Los Mercenarios', 'Emecé Editores', '2024-07-26', '2024-07-29', '2024-08-05', 'Si', NULL, NULL, '2024-11-22 08:56:22', '2024-11-22 08:56:22'),
(271, 1, 391, 'Mujercitas ', 'La Nación', '2024-01-09', '2024-01-10', '2024-01-25', 'Si', NULL, NULL, '2024-11-22 08:56:22', '2024-11-22 08:56:22'),
(272, 14, 638, 'La luna era mi tierra', 'Editorial Paidós', '2024-01-18', '2024-01-22', '2024-01-30', 'Si', NULL, NULL, '2024-11-22 08:56:22', '2024-11-22 08:56:22'),
(273, 16, 666, 'El retrato de dorian gray', 'Compañía General Fabril Editora', '2023-12-04', '2023-12-06', '2023-12-18', 'Si', NULL, NULL, '2024-11-22 08:56:22', '2024-11-22 08:56:22'),
(274, 29, 444, 'Cuentos de las colinas', 'Editorial Paidós', '2024-10-31', '2024-11-01', '2024-11-11', 'Si', NULL, NULL, '2024-11-22 08:56:22', '2024-11-22 08:56:22'),
(275, 6, 422, 'Cuentos de la selva', 'La Nación', '2024-09-09', '2024-09-11', '2024-09-26', 'Si', NULL, NULL, '2024-11-22 08:56:22', '2024-11-22 08:56:22'),
(276, 16, 206, 'Guerra del Pacifico Memorias de Jose Francisco Vergara, Diario de campaña de Diego Dublé Almeida', 'Editorial Paidós', '2024-07-31', '2024-08-01', '2024-08-08', 'Si', NULL, NULL, '2024-11-22 08:56:22', '2024-11-22 08:56:22'),
(277, 7, 331, 'Burocracia en la sociedad moderna', 'Editorial Paidós', '2024-08-16', '2024-08-19', '2024-08-30', 'Si', NULL, NULL, '2024-11-22 08:56:22', '2024-11-22 08:56:22'),
(278, 5, 105, 'La Patrulla de marisol', 'Editorial Paidós', '2024-08-14', '2024-08-16', '2024-08-28', 'Si', NULL, NULL, '2024-11-22 08:56:22', '2024-11-22 08:56:22'),
(279, 2, 206, 'Guerra del Pacifico Memorias de Jose Francisco Vergara, Diario de campaña de Diego Dublé Almeida', 'Editorial Paidós', '2024-11-18', '2024-11-20', '2024-11-27', 'Si', NULL, NULL, '2024-11-22 08:56:22', '2024-11-22 08:56:22'),
(280, 13, 613, 'La ultima niebla, El arbol, Las islas nuevas, Lo secreto', 'Editorial Paidós', '2024-08-28', '2024-08-29', '2024-09-09', 'Si', NULL, NULL, '2024-11-22 08:56:22', '2024-11-22 08:56:22'),
(281, 21, 728, 'Poemas Originales prologo de Juan Antonio Massone', 'Agustinianas', '2024-09-04', '2024-09-06', '2024-09-13', 'Si', NULL, NULL, '2024-11-22 08:56:22', '2024-11-22 08:56:22'),
(282, 25, 198, 'La Porota', 'Zig Zag', '2024-05-27', '2024-05-28', '2024-06-07', 'Si', NULL, NULL, '2024-11-22 08:56:22', '2024-11-22 08:56:22'),
(283, 25, 273, 'El Pirata', 'Prosa', '2024-11-23', '2024-11-22', NULL, NULL, NULL, NULL, '2024-11-23 03:11:25', '2024-11-23 03:11:25'),
(284, 25, 273, 'El Pirata', 'Prosa', '2024-11-23', '2024-11-22', '2024-11-29', NULL, NULL, NULL, '2024-11-23 03:13:10', '2024-11-23 03:13:10'),
(285, 34, 278, 'El pirata Garrapata', 'Edicon', '2024-11-23', '2024-11-22', '2024-11-23', 'Si', NULL, NULL, '2024-11-23 03:31:13', '2024-11-23 05:09:22'),
(286, 33, 5, 'El paje del duque de saboya', 'Editorial Paidós', '2024-11-23', '2024-11-22', '2024-11-23', 'Si', NULL, NULL, '2024-11-23 05:48:47', '2024-11-23 05:49:44'),
(287, 35, 5, 'El paje del duque de saboya', 'Editorial Paidós', '2024-11-23', '2024-11-22', '2024-11-30', NULL, NULL, NULL, '2024-11-23 05:49:18', '2024-11-23 05:49:18'),
(288, 33, 5, 'El paje del duque de saboya', 'Editorial Paidós', '2024-11-23', '2024-11-23', '2024-11-30', NULL, NULL, NULL, '2024-11-23 06:15:11', '2024-11-23 06:15:11'),
(289, 13, 5, 'El paje del duque de saboya', 'Editorial Paidós', '2024-11-23', '2024-11-23', '2024-11-23', 'Si', NULL, NULL, '2024-11-23 06:46:57', '2024-11-23 07:16:53'),
(290, 11, 5, 'El paje del duque de saboya', 'Editorial Paidós', '2024-11-23', '2024-11-23', '2024-11-23', NULL, NULL, NULL, '2024-11-23 07:09:02', '2024-11-23 07:09:02'),
(291, 9, 5, 'El paje del duque de saboya', 'Editorial Paidós', '2024-11-23', '2024-11-23', '2024-11-30', NULL, NULL, NULL, '2024-11-23 07:11:50', '2024-11-23 07:11:50'),
(292, 3, 5, 'El paje del duque de saboya', 'Editorial Paidós', '2024-11-23', '2024-11-23', '2024-11-30', NULL, NULL, NULL, '2024-11-23 07:17:27', '2024-11-23 07:17:27'),
(293, 34, 164, 'Aventuras de John Davys', 'Editorial Paidós', '2024-11-23', '2024-11-23', '2024-11-23', 'Si', NULL, NULL, '2024-11-23 07:46:17', '2024-11-23 07:48:29'),
(295, 38, 204, 'El diario de Ana Frank', 'Zig Zag', '2024-11-23', '2024-11-23', '2024-11-30', 'No', NULL, NULL, '2024-11-23 11:03:48', '2024-11-23 11:04:54'),
(296, 9, 278, 'El pirata Garrapata', 'Edicon', '2024-11-23', '2024-11-23', '2024-11-30', 'Si', NULL, NULL, '2024-11-23 11:05:53', '2024-11-23 11:06:09'),
(297, 39, 694, 'Papelucho y el marciano', 'Imprenta Universitaria', '2024-11-23', '2024-11-23', '2024-12-09', 'Si', NULL, NULL, '2024-11-23 11:07:54', '2024-12-09 04:19:36'),
(298, 40, 2, 'Misterio de la ballena secuestrada', 'Editorial Paidós', '2024-11-30', '2024-12-09', '2024-12-16', 'Si', NULL, NULL, '2024-11-30 08:38:54', '2024-12-13 20:50:53'),
(299, 47, 4, 'Mientras la tierra exista', 'Luis de Caralt', '2024-12-04', NULL, NULL, NULL, '2024-12-09', 'No queremos prestale el libro', '2024-12-04 10:44:35', '2024-12-09 06:30:19'),
(300, 47, 10, 'El huerto de mi amada', 'Editorial Paidós', '2024-12-05', '2024-12-09', '2024-12-29', 'Si', '2024-12-08', 'Lamentamos informale que todas las copias de este libro han sido prestadas', '2024-12-04 10:45:16', '2024-12-09 06:11:06'),
(301, 47, 9, 'Petróleo', 'Emecé Editores', '2024-12-09', '2024-12-07', '2024-12-20', 'Si', NULL, NULL, '2024-12-07 03:46:51', '2024-12-07 03:47:53'),
(302, 47, 131, 'Antologia de Leyendas y Traiciones ', 'Imprenta Universitaria', '2024-12-09', '2024-12-09', '2024-12-14', 'Si', NULL, NULL, '2024-12-09 03:02:57', '2024-12-09 03:03:38'),
(303, 47, 131, 'Antologia de Leyendas y Traiciones ', 'Imprenta Universitaria', '2024-12-09', '2024-12-09', '2024-12-14', 'Si', NULL, NULL, '2024-12-09 03:02:58', '2024-12-09 03:06:52'),
(304, 47, 131, 'Antologia de Leyendas y Traiciones ', 'Imprenta Universitaria', '2024-12-09', '2024-12-09', '2024-12-14', 'Si', NULL, NULL, '2024-12-09 03:02:59', '2024-12-09 03:07:04'),
(305, 48, 131, 'Antologia de Leyendas y Traiciones ', 'Imprenta Universitaria', '2024-12-09', '2024-12-16', '2024-12-16', 'Si', NULL, NULL, '2024-12-09 03:08:36', '2024-12-09 03:09:22'),
(306, 47, 131, 'Antologia de Leyendas y Traiciones ', 'Imprenta Universitaria', '2024-12-09', '2024-12-09', '2024-12-20', 'Si', NULL, NULL, '2024-12-09 03:16:32', '2024-12-09 03:45:44'),
(307, 47, 296, 'Leyendas y tradiciones de chile', 'Consorcio Periodístico de Chile (COPESA)', '2024-12-09', '2024-12-10', '2025-01-04', 'Si', NULL, NULL, '2024-12-09 07:24:09', '2024-12-13 21:09:21'),
(308, 47, 372, 'Leyendas Argentina', 'Editorial Paidós', '2024-12-09', '2024-12-13', '2024-12-30', 'Si', NULL, NULL, '2024-12-09 07:34:14', '2024-12-13 19:36:29'),
(309, 48, 372, 'Leyendas Argentina', 'Editorial Paidós', '2024-12-09', '2024-12-11', '2024-12-20', NULL, NULL, NULL, '2024-12-09 07:58:02', '2024-12-09 07:58:02'),
(310, 47, 131, 'Antologia de Leyendas y Traiciones ', 'Imprenta Universitaria', '2024-12-09', '2024-12-12', '2025-01-02', 'Si', NULL, NULL, '2024-12-09 07:59:44', '2024-12-13 19:23:50'),
(311, 50, 56, 'Panorama de la novela chilena', 'Fondo de Cultura Económica', '2024-12-13', '2024-12-13', '2024-12-17', NULL, NULL, NULL, '2024-12-13 02:28:24', '2024-12-13 07:33:41'),
(312, 51, 10, 'El huerto de mi amada', 'Editorial Paidós', '2024-12-13', NULL, NULL, NULL, '2024-12-13', 'usted esta muy loco', '2024-12-13 02:50:13', '2024-12-13 07:33:09'),
(313, 4, 761, 'Harry Potter y la piedra filosofal', 'Salamandra', '2024-12-13', '2024-12-18', '2024-12-25', NULL, NULL, NULL, '2024-12-13 07:26:34', '2024-12-13 07:26:34'),
(314, 1, NULL, 'Elden ring', 'Zig Zag', '2024-12-13', '2024-12-13', '2024-12-16', 'Si', NULL, NULL, '2024-12-13 07:27:42', '2024-12-14 06:05:22'),
(315, 52, 381, 'La mujer rota', 'Seix Barral', '2024-12-13', '2024-12-16', '2025-01-01', 'Si', NULL, NULL, '2024-12-13 07:32:12', '2024-12-14 06:17:07'),
(318, 47, 573, 'Un dia en la vida de Li Song, mujer china', 'Zig Zag', '2024-12-13', '2024-12-13', '2025-01-01', 'Si', NULL, NULL, '2024-12-13 13:51:57', '2024-12-13 13:52:45'),
(319, 54, 392, 'Mujercitas ', 'Zig Zag', '2024-12-13', '2024-12-13', '2025-01-01', 'No', NULL, NULL, '2024-12-13 14:08:07', '2024-12-13 14:08:26'),
(320, 47, NULL, 'Arcane Season 2', 'Zig Zag', '2024-12-13', '2024-12-13', '2025-01-01', 'Si', NULL, NULL, '2024-12-13 14:20:03', '2024-12-13 16:25:10'),
(323, 47, 36, 'El guarda-espaldas', 'Emecé Editores', '2024-12-13', NULL, NULL, NULL, '2024-12-13', 'deje de pedir libros, pide muchos', '2024-12-13 15:51:20', '2024-12-13 15:52:19'),
(324, 47, 7, 'Hortensia - Paz blanca y noche roja', 'Luis de Caralt', '2024-12-13', NULL, NULL, NULL, '2024-12-13', 'no queremos', '2024-12-13 15:51:29', '2024-12-13 15:52:01'),
(325, 47, NULL, 'Arcane Season 2', 'Zig Zag', '2024-12-13', NULL, NULL, NULL, '2024-12-13', 'El libro solicitado ya no esta disponible', '2024-12-13 15:53:46', '2024-12-13 17:00:44'),
(326, 47, NULL, 'Arcane Season 2', 'Zig Zag', '2024-12-14', NULL, NULL, NULL, NULL, NULL, '2024-12-13 15:53:50', '2024-12-13 15:54:45'),
(327, 55, 4, 'Mientras la tierra exista', 'Luis de Caralt', '2024-12-13', NULL, NULL, NULL, NULL, NULL, '2024-12-13 18:51:32', '2024-12-13 18:51:32'),
(328, 47, 225, 'El loco estero', 'Editorial Paidós', '2024-12-13', '2024-12-13', '2025-01-02', NULL, NULL, NULL, '2024-12-13 18:52:05', '2024-12-13 19:31:41'),
(329, 56, 9, 'Petróleo', 'Emecé Editores', '2024-12-14', '2024-12-14', '2024-12-25', NULL, NULL, NULL, '2024-12-13 19:06:51', '2024-12-14 06:06:41'),
(330, 57, 286, 'El diario de ana Frank', 'Centro Gráfico', '2024-12-24', NULL, NULL, NULL, NULL, NULL, '2024-12-14 06:01:04', '2024-12-14 06:01:04'),
(331, 47, NULL, 'Elden ring', 'Zig Zag', '2024-12-17', NULL, NULL, NULL, '2024-12-14', 'El libro ha sido eliminado de nuestra biblioteca', '2024-12-14 06:03:37', '2024-12-14 06:07:44'),
(332, 58, NULL, 'Elden ring', 'Zig Zag', '2024-12-16', NULL, NULL, NULL, NULL, NULL, '2024-12-14 06:03:42', '2024-12-14 06:05:22'),
(333, 47, NULL, 'matias 33', 'Zig Zag', '2024-12-19', NULL, NULL, NULL, '2024-12-14', 'Este libro a sido eliminado de la biblioteca', '2024-12-14 06:03:56', '2024-12-14 06:16:27'),
(334, 47, 278, 'El pirata Garrapata', 'Edicon', '2024-12-14', '2024-12-14', '2024-12-25', NULL, NULL, NULL, '2024-12-14 06:13:25', '2024-12-14 06:13:25'),
(335, 52, 602, 'La comezon de ser mujer', 'Editorial Paidós', '2024-12-14', '2024-12-14', '2025-01-03', 'No', NULL, NULL, '2024-12-14 06:14:06', '2024-12-14 06:14:28');

-- --------------------------------------------------------

--
-- Estructura de tabla para la tabla `repisas`
--

CREATE TABLE `repisas` (
  `id` bigint(20) UNSIGNED NOT NULL,
  `numero` int(11) NOT NULL,
  `created_at` timestamp NULL DEFAULT NULL,
  `updated_at` timestamp NULL DEFAULT NULL
) ENGINE=InnoDB DEFAULT CHARSET=utf8mb4 COLLATE=utf8mb4_unicode_ci;

--
-- Volcado de datos para la tabla `repisas`
--

INSERT INTO `repisas` (`id`, `numero`, `created_at`, `updated_at`) VALUES
(1, 1, '2024-11-20 03:11:32', '2024-11-20 03:11:32'),
(2, 2, '2024-11-20 03:11:32', '2024-11-20 03:11:32'),
(3, 3, '2024-11-20 03:11:32', '2024-11-20 03:11:32'),
(4, 4, '2024-11-20 03:11:32', '2024-11-20 03:11:32'),
(5, 5, '2024-11-20 03:11:32', '2024-11-20 03:11:32'),
(6, 6, '2024-11-20 03:11:32', '2024-11-20 03:11:32'),
(7, 7, '2024-11-20 03:11:32', '2024-11-20 03:11:32'),
(8, 8, '2024-11-20 03:11:32', '2024-11-20 03:11:32'),
(9, 9, '2024-11-20 03:11:32', '2024-11-20 03:11:32'),
(10, 10, '2024-11-20 03:11:32', '2024-11-20 03:11:32'),
(11, 11, '2024-11-20 03:11:32', '2024-11-20 03:11:32'),
(12, 12, '2024-11-20 03:11:32', '2024-11-20 03:11:32'),
(13, 13, '2024-11-20 03:11:32', '2024-11-20 03:11:32'),
(14, 14, '2024-11-20 03:11:32', '2024-11-20 03:11:32'),
(15, 15, '2024-11-20 03:11:32', '2024-11-20 03:11:32'),
(16, 16, '2024-11-20 03:11:32', '2024-11-20 03:11:32'),
(17, 17, '2024-11-20 03:11:32', '2024-11-20 03:11:32'),
(18, 18, '2024-11-20 03:11:32', '2024-11-20 03:11:32'),
(19, 19, '2024-11-20 03:11:32', '2024-11-20 03:11:32'),
(20, 20, '2024-11-20 03:11:32', '2024-11-20 03:11:32'),
(21, 21, '2024-11-20 03:11:32', '2024-11-20 03:11:32'),
(22, 22, '2024-11-20 03:11:32', '2024-11-20 03:11:32'),
(23, 23, '2024-11-20 03:11:32', '2024-11-20 03:11:32'),
(24, 24, '2024-11-20 03:11:32', '2024-11-20 03:11:32'),
(25, 25, '2024-11-20 03:11:32', '2024-11-20 03:11:32'),
(26, 26, '2024-11-20 03:11:32', '2024-11-20 03:11:32'),
(27, 27, '2024-11-20 03:11:32', '2024-11-20 03:11:32'),
(28, 28, '2024-11-20 03:11:32', '2024-11-20 03:11:32'),
(29, 29, '2024-11-20 03:11:32', '2024-11-20 03:11:32'),
(30, 30, '2024-11-20 03:11:32', '2024-11-20 03:11:32'),
(31, 31, '2024-11-20 03:11:32', '2024-11-20 03:11:32'),
(32, 32, '2024-11-20 03:11:32', '2024-11-20 03:11:32'),
(33, 33, '2024-11-20 03:11:32', '2024-11-20 03:11:32'),
(34, 34, '2024-11-20 03:11:32', '2024-11-20 03:11:32'),
(35, 35, '2024-11-20 03:11:32', '2024-11-20 03:11:32'),
(36, 36, '2024-11-20 03:11:32', '2024-11-20 03:11:32'),
(37, 37, '2024-11-20 03:11:32', '2024-11-20 03:11:32'),
(38, 38, '2024-11-20 03:11:32', '2024-11-20 03:11:32'),
(39, 39, '2024-11-20 03:11:32', '2024-11-20 03:11:32'),
(40, 40, '2024-11-20 03:11:32', '2024-11-20 03:11:32');

-- --------------------------------------------------------

--
-- Estructura de tabla para la tabla `sessions`
--

CREATE TABLE `sessions` (
  `id` varchar(255) NOT NULL,
  `user_id` bigint(20) UNSIGNED DEFAULT NULL,
  `ip_address` varchar(45) DEFAULT NULL,
  `user_agent` text DEFAULT NULL,
  `payload` longtext NOT NULL,
  `last_activity` int(11) NOT NULL
) ENGINE=InnoDB DEFAULT CHARSET=utf8mb4 COLLATE=utf8mb4_unicode_ci;

--
-- Volcado de datos para la tabla `sessions`
--

INSERT INTO `sessions` (`id`, `user_id`, `ip_address`, `user_agent`, `payload`, `last_activity`) VALUES
('lYUXFLqQ1nEgrCEM79ODm5tDVjmLWemMeAZkLRqD', NULL, '45.238.20.115', 'Mozilla/5.0 (Windows NT 10.0; Win64; x64) AppleWebKit/537.36 (KHTML, like Gecko) Chrome/131.0.0.0 Safari/537.36', 'YTozOntzOjY6Il90b2tlbiI7czo0MDoiVTF1a1drV2htU3RNQzVFcG04WDJaamFJZXhNWkd0QTdEVWFPR0JtYyI7czo2OiJfZmxhc2giO2E6Mjp7czozOiJuZXciO2E6MDp7fXM6Mzoib2xkIjthOjA6e319czo5OiJfcHJldmlvdXMiO2E6MTp7czozOiJ1cmwiO3M6NDY6Imh0dHBzOi8vYmlibGlvdGVjYW51ZXZvaG9yaXpvbnRlLmNsL3JlcGVydG9yaW8iO319', 1734147932),
('qcrOdWbOdImDtM88dtNqG3Uuo2hfqOarqRNlOGAa', NULL, '179.60.78.64', 'Mozilla/5.0 (Windows NT 10.0; Win64; x64) AppleWebKit/537.36 (KHTML, like Gecko) Chrome/131.0.0.0 Safari/537.36', 'YTo0OntzOjY6Il90b2tlbiI7czo0MDoiSE1ud2FTVHRNSnp1Qkp1a1NkdVdQQUh3R0NsWWNOSHVBS1BkSmtRaiI7czo2OiJfZmxhc2giO2E6Mjp7czozOiJuZXciO2E6MDp7fXM6Mzoib2xkIjthOjA6e319czo5OiJfcHJldmlvdXMiO2E6MTp7czozOiJ1cmwiO3M6NDY6Imh0dHBzOi8vYmlibGlvdGVjYW51ZXZvaG9yaXpvbnRlLmNsL3JlcGVydG9yaW8iO31zOjUyOiJsb2dpbl9hZG1pbl81OWJhMzZhZGRjMmIyZjk0MDE1ODBmMDE0YzdmNThlYTRlMzA5ODlkIjtpOjE7fQ==', 1734147926),
('xRLjNp17Lw8CXCRVsP1EleIuaVytfM3tEJVgyRR5', NULL, '45.169.149.14', 'Mozilla/5.0 (Windows NT 10.0; Win64; x64) AppleWebKit/537.36 (KHTML, like Gecko) Chrome/128.0.0.0 Safari/537.36 OPR/114.0.0.0', 'YTo0OntzOjY6Il90b2tlbiI7czo0MDoiSVVlTXFadzhicU5rUEtPak9mbXJkdXY5YUxMTlFwcFN0QUhZUnFlVCI7czo5OiJfcHJldmlvdXMiO2E6MTp7czozOiJ1cmwiO3M6NDY6Imh0dHBzOi8vYmlibGlvdGVjYW51ZXZvaG9yaXpvbnRlLmNsL3JlcGVydG9yaW8iO31zOjY6Il9mbGFzaCI7YToyOntzOjM6Im9sZCI7YTowOnt9czozOiJuZXciO2E6MDp7fX1zOjUyOiJsb2dpbl9hZG1pbl81OWJhMzZhZGRjMmIyZjk0MDE1ODBmMDE0YzdmNThlYTRlMzA5ODlkIjtpOjE7fQ==', 1734147939);

-- --------------------------------------------------------

--
-- Estructura de tabla para la tabla `usuarios`
--

CREATE TABLE `usuarios` (
  `id` bigint(20) UNSIGNED NOT NULL,
  `nombre` varchar(255) NOT NULL,
  `apellido` varchar(255) DEFAULT NULL,
  `correo` varchar(255) NOT NULL,
  `contraseña` text NOT NULL,
  `tipo_usuario` enum('Registrado','No Registrado') NOT NULL,
  `created_at` timestamp NULL DEFAULT NULL,
  `updated_at` timestamp NULL DEFAULT NULL
) ENGINE=InnoDB DEFAULT CHARSET=utf8mb4 COLLATE=utf8mb4_unicode_ci;

--
-- Volcado de datos para la tabla `usuarios`
--

INSERT INTO `usuarios` (`id`, `nombre`, `apellido`, `correo`, `contraseña`, `tipo_usuario`, `created_at`, `updated_at`) VALUES
(1, 'Sebastián', 'Pardo', 'pardopavezs@gmail.com', '$2y$12$qIWW3FlEVbFxZLJdfYmoHOl2jaUWzaDoQnout.HW8/0i14.E7aURu', 'No Registrado', '2024-11-21 21:49:53', '2024-11-21 21:49:53'),
(2, 'Sebastián', 'Pavez', 'sebastianpavez@gmail.com', '$2y$12$kyO3FyreuHNCf1HCvmGO.uKPnQ2BuHYNBUkkQtFxQaVHZX4fTepvi', 'No Registrado', '2024-11-21 21:55:43', '2024-11-21 21:55:43'),
(3, 'Rodrigo', 'Flores', 'seba.pardo@gmail.com', '$2y$12$1LytgzrHJlM9Dbnb1uVf7Oeks9wsKUGgT9BWn03qk3gT61EhfPnjm', 'Registrado', '2024-11-22 01:25:13', '2024-11-22 01:26:07'),
(4, 'Carlos', 'Pérez', 'carlos@example.com', '$2y$12$VSBxJz9EV.uFqOKZacoIAua4dFiqIACFotdYEwkEl0n8AS2rN76T.', 'Registrado', NULL, NULL),
(5, 'María', 'García', 'maria@example.com', '$2y$12$WIwTtNxF6Rla83inflB7C.tltYk6raOlnnUcu8y90ESXObSDC40bC', 'No Registrado', NULL, NULL),
(6, 'Usuario1', 'Apellido1', 'usuario1@example.com', '$2y$12$Y.12BEloO4LOV4/EDqemJ.M91dn/4cYCpxjQ0deEj6rLUITjoc40C', 'No Registrado', NULL, NULL),
(7, 'Usuario2', 'Apellido2', 'usuario2@example.com', '$2y$12$IkLgG/RUBx77Sdwist.PJeorAEUgmTlfe5jTqDTfOYeQ4JVMC1xEy', 'Registrado', NULL, NULL),
(8, 'Usuario3', 'Apellido3', 'usuario3@example.com', '$2y$12$Yr42S31mM/XAtS46PRcCleVNtgBLISx4isV9ulp8QTnU4Fz0.vM7O', 'No Registrado', NULL, NULL),
(9, 'Usuario4', 'Apellido4', 'usuario4@example.com', '$2y$12$VAi8NntsHdFfhdfOdOS0Uuy9HJT7/l3Zi4/5DCJU6xTkphI8CoW/.', 'Registrado', NULL, NULL),
(10, 'Usuario5', 'Apellido5', 'usuario5@example.com', '$2y$12$AH8Zen1.Cm0DnwqNEBhTuuFctjcPJzvJT1QWp5C4jqhZoUXNVT2tK', 'No Registrado', NULL, NULL),
(11, 'Usuario6', 'Apellido6', 'usuario6@example.com', '$2y$12$FEqDi0goqiqFfMalC1P8EOmoMKibTuJIK.VjkJxWv.Cue34PJdZka', 'Registrado', NULL, NULL),
(12, 'Usuario7', 'Apellido7', 'usuario7@example.com', '$2y$12$/yi05p0jjEQhuTSJnggPj.uSQIBLrkXY6MEAP3C38E6k4KC3zpvlK', 'No Registrado', NULL, NULL),
(13, 'Usuario8', 'Apellido8', 'usuario8@example.com', '$2y$12$5n/BJHEgaJgsJ7OdrYIbGerN.G6Uc/JDBBw9T10zpGQnpTCCIXI1y', 'Registrado', NULL, NULL),
(14, 'Usuario9', 'Apellido9', 'usuario9@example.com', '$2y$12$vbXCvtOz.3yJ..KW.tHYlOmW7bYxacPmcsiuxkU9K9L8QPuOIbXSC', 'No Registrado', NULL, NULL),
(15, 'Usuario10', 'Apellido10', 'usuario10@example.com', '$2y$12$3icZysjPOb5NBCfBZKkDOuZOIkTe49qV9EXoJm9WrQHdmDNKDZkxy', 'Registrado', NULL, NULL),
(16, 'Usuario11', 'Apellido11', 'usuario11@example.com', '$2y$12$LJRZAD.NE/eWg24wNrjc0uo44bVMwsRl3SnqGR5YQFn/EoYtd/imu', 'No Registrado', NULL, NULL),
(17, 'Usuario12', 'Apellido12', 'usuario12@example.com', '$2y$12$gbsC1LF.mnJudocBZyy0xOW6lGV8eQvvdIL3nvaPTu4BMRhhEcwYC', 'Registrado', NULL, NULL),
(18, 'Usuario13', 'Apellido13', 'usuario13@example.com', '$2y$12$TKUSXHgyFJP0.troAQj2qeOQImL8zxzmDiSYHSMoFM8ndlO34YhI.', 'No Registrado', NULL, NULL),
(19, 'Usuario14', 'Apellido14', 'usuario14@example.com', '$2y$12$cTQZltQjgDA5yeHh62hp2.NyFPVsaJLvkXvNWN8y1Vg3X08oiscQ2', 'Registrado', NULL, NULL),
(20, 'Usuario15', 'Apellido15', 'usuario15@example.com', '$2y$12$7naY77V04Q8p/eSmRu3n6ezIY6thf6lygqljf36W32nj/ZT/uRNXm', 'No Registrado', NULL, NULL),
(21, 'Usuario16', 'Apellido16', 'usuario16@example.com', '$2y$12$FUpsIX3YzSt5n9LBOQ8XpOYY/2EZ7cTpPvmx9.GwFiHgZms2u444C', 'Registrado', NULL, NULL),
(22, 'Usuario17', 'Apellido17', 'usuario17@example.com', '$2y$12$Ww9RlXgTQ94GOnXXUB3Iu.jkaWRDuq9DBvj4Wo1b1iG8UGgwvkzO2', 'No Registrado', NULL, NULL),
(23, 'Usuario18', 'Apellido18', 'usuario18@example.com', '$2y$12$9EUsWqTwA0BQsaBHzHtw3uAtOiWpJV5XP9EXsiJx6cZklt2sMsKzK', 'Registrado', NULL, NULL),
(24, 'Usuario19', 'Apellido19', 'usuario19@example.com', '$2y$12$8VOXQxt.TxZw7sSzRO.kyew3X.OPCl3Jpenk36IPyFDHr/lvRw6ma', 'No Registrado', NULL, NULL),
(25, 'Usuario20', 'Apellido20', 'usuario20@example.com', '$2y$12$3rt2J1qXhlXs4jEPwBBIoO9Uof123zCYrFpElZJmlbpytL8Zis4k2', 'Registrado', NULL, NULL),
(26, 'Usuario21', 'Apellido21', 'usuario21@example.com', '$2y$12$Jh8fhZIRPVHLBVo6sSFEk.qvHHcnisc72F77j2ekWDYbQ/VMmlj5G', 'No Registrado', NULL, NULL),
(27, 'Usuario22', 'Apellido22', 'usuario22@example.com', '$2y$12$ytq2WV0pCFPxG66KDAqIRuUVr8BEm.LjdatK0e0ppsnxlWIKMouDC', 'Registrado', NULL, NULL),
(28, 'Usuario23', 'Apellido23', 'usuario23@example.com', '$2y$12$wFn5wO2eNvUT.f5srvJTz.6VGJ/L5NmSwQfhz4cwGFuKbtt7GAGHy', 'No Registrado', NULL, NULL),
(29, 'Usuario24', 'Apellido24', 'usuario24@example.com', '$2y$12$hZcZwVf.hMeYJ.UXsn8A8eGtbF9JGIWM7V87r6PExMSRBHaXYMSeW', 'Registrado', NULL, NULL),
(30, 'Usuario25', 'Apellido25', 'usuario25@example.com', '$2y$12$JXs06.FBHF3wIRNbQKIfdOvf0vmlxZmDxEz0QAnRqE7ONLPuIBmaK', 'No Registrado', NULL, NULL),
(31, 'Usuario26', 'Apellido26', 'usuario26@example.com', '$2y$12$dahjWzFA7ybMfARfGEr//uIbbAC0RfhLMkMktUG55JOi4lgwtWhe6', 'Registrado', NULL, NULL),
(32, 'Usuario27', 'Apellido27', 'usuario27@example.com', '$2y$12$AlSGvgBFW3P/L5TAiUbV0ODbPoySs/CXmdoSlFi5xREszqzAv3Gym', 'No Registrado', NULL, NULL),
(33, 'Usuario28', 'Apellido28', 'usuario28@example.com', '$2y$12$.N/1SphUjLdDzDWiA1q1Ye/h90nMMFAtzSNq195cV71BUqH10Tlam', 'Registrado', NULL, NULL),
(34, 'Gustavo', 'Rojas', 'gusrojas@gmail.com', '$2y$12$TF1PjG1bAZwbDEBE/DskC.lar/eSv6WJrL2oykWevE81aphxLeb3q', 'No Registrado', '2024-11-23 03:31:13', '2024-11-23 03:31:13'),
(35, 'manolo', 'gonzalez', 'mango@gmail.com', '$2y$12$WnAxZGqH/SKn27niXf8vrewb2OzeeJgn/VlsCEOtlU215AT5ZKcSa', 'No Registrado', '2024-11-23 05:49:18', '2024-11-23 05:49:18'),
(38, 'Sebastian', 'Pardo', 'pardopardoso@gmail.com', '$2y$12$2jFcNasPVY11jDEsGDlU6u3DjawcjyC6UiZRR58AXCYkId8anZpzO', 'Registrado', '2024-11-23 11:02:23', '2024-11-23 11:03:48'),
(39, 'sebastian', 'Gonzalez', 'Segonza@gmail.com', '53366', 'No Registrado', '2024-11-23 11:07:54', '2024-11-23 11:07:54'),
(40, 'Jose', 'Ulloa', 'joseulloa@gmail.com', '$2y$12$QZTTux7MX2Qnut4R.w2Lp.BeW/TeILvu7yYgkYG1OndJvF/4uMM52', 'No Registrado', '2024-11-30 08:38:52', '2024-11-30 08:38:52'),
(42, 'matias', 'mateluna', 'holiholi@perro.com', '$2y$12$.UAQJ50vm1OcTNaMH50Xg.ojDPAlZ9VTlT5Mw3C5ZwZ9QRcfjdmZa', 'Registrado', '2024-11-30 10:50:39', '2024-11-30 10:50:39'),
(43, 'Mateluna', 'Muñoz', 'matelunam@gmail.com', '$2y$12$A.uZ6AJVPsa9MCpRXDLLWOU9DCcD88XxjRiRrkFc5MlyD5FJo/E9e', 'Registrado', '2024-12-01 04:30:21', '2024-12-01 04:30:21'),
(44, 'Mateluna', 'Muñoz', 'matiasmateluna76@gmail.com', '$2y$12$1dIeqngvF9loiuPamKU9/OLh67o9i3mj16ryrzH7PJeWnv3DrOAnK', 'Registrado', '2024-12-04 09:36:24', '2024-12-04 09:36:24'),
(47, 'matias', 'mateluna', 'matiasmateluna00@gmail.com', '$2y$12$4sNEO0hrzWS/puSaPCn4FeVrATaMEuphpj6UHxHeBgjgruhxEI0bG', 'Registrado', '2024-12-04 10:45:45', '2024-12-04 10:45:45'),
(48, 'manolo', 'Martinez', 'manolomar@gmail.com', '34264', 'No Registrado', '2024-12-09 03:08:36', '2024-12-09 03:08:36'),
(49, 'Banister', 'Polanco', 'banisterp@outlook.com', '$2y$12$LroW4YuplYM0VdpYrak.s.7feu1imEUTdDXLfw0e0KS6uzcLhkQyi', 'No Registrado', '2024-12-13 02:26:15', '2024-12-13 02:26:15'),
(50, 'pene', 'peluo', 'penepeluo@gmail.com', '$2y$12$plSdWMRNirzRJabpFxVBc.QNnoDKy1iGas.cmiQ/DhVOMEdhU4r5O', 'No Registrado', '2024-12-13 02:28:24', '2024-12-13 02:28:24'),
(51, 'locura', 'maxima', 'locura@gmail.com', '$2y$12$CWSmpzIHEOnirqzoGZEHXOBX0vnAWynGoRpfsWqYbh68TczM6renC', 'Registrado', '2024-12-13 02:47:57', '2024-12-13 02:47:57'),
(52, 'pardo', 'pavez', 'xddesconocido26@gmail.com', '46653', 'No Registrado', '2024-12-13 07:32:12', '2024-12-14 06:14:06'),
(53, 'Rodrigo', 'Pavez', 's.pardopavez@outlook.com', '$2y$12$jTlidQVoIaIG6pl6QNj95un5bMseA7ksP5XF7Ym7xVCGfiH.K79de', 'Registrado', '2024-12-13 08:50:52', '2024-12-13 08:50:52'),
(54, 'Vander', 'Warwick', 'Perroloco@gmail.com', '60167', 'No Registrado', '2024-12-13 14:08:07', '2024-12-13 14:08:07'),
(55, 'manolo', 'Martinez', 'manolomar@gmail.com', '$2y$12$/ws6YUUMHDtE4cJEsZXZbelxiuKrxZTIs0fb38YJCX6QAG.LxIezm', 'No Registrado', '2024-12-13 18:51:32', '2024-12-13 18:51:32'),
(56, 'Pardo', 'Pavez', 'xddesconocido26@gmail.com', '$2y$12$HBokc2yUI6zZBfl285UY8.ybgLMPFEPeKAOquobOXdCX3MOTnvDjO', 'No Registrado', '2024-12-13 19:06:50', '2024-12-13 19:06:50'),
(57, 'Sebastián', 'Pardo', 'tetris@outlook.com', '$2y$12$XvjZi1Iq5aPbW/R28poJ6.t1FyB1exdoqFOUl6PH6aH1oR5Zf.a.C', 'No Registrado', '2024-12-14 06:01:04', '2024-12-14 06:01:04'),
(58, 'Armando', 'Cachas', 'Cachas@gmail.com', '$2y$12$tlxHqq/nG8wOMcOnBxmCaeWhzyXzPIJIpIArgLGWFlMScSh0VezXS', 'No Registrado', '2024-12-14 06:03:42', '2024-12-14 06:03:42');

--
-- Índices para tablas volcadas
--

--
-- Indices de la tabla `admins`
--
ALTER TABLE `admins`
  ADD PRIMARY KEY (`id`),
  ADD UNIQUE KEY `admins_correo_unique` (`correo`);

--
-- Indices de la tabla `autores`
--
ALTER TABLE `autores`
  ADD PRIMARY KEY (`id`);

--
-- Indices de la tabla `categorias`
--
ALTER TABLE `categorias`
  ADD PRIMARY KEY (`id`);

--
-- Indices de la tabla `editoriales`
--
ALTER TABLE `editoriales`
  ADD PRIMARY KEY (`id`);

--
-- Indices de la tabla `generos`
--
ALTER TABLE `generos`
  ADD PRIMARY KEY (`id`);

--
-- Indices de la tabla `libros`
--
ALTER TABLE `libros`
  ADD PRIMARY KEY (`id`),
  ADD KEY `libros_id_autor_foreign` (`id_autor`),
  ADD KEY `libros_id_genero_foreign` (`id_genero`),
  ADD KEY `libros_id_categoria_foreign` (`id_categoria`),
  ADD KEY `libros_id_repisa_foreign` (`id_repisa`),
  ADD KEY `libros_id_editorial_foreign` (`id_editorial`);

--
-- Indices de la tabla `migrations`
--
ALTER TABLE `migrations`
  ADD PRIMARY KEY (`id`);

--
-- Indices de la tabla `password_reset_tokens`
--
ALTER TABLE `password_reset_tokens`
  ADD PRIMARY KEY (`email`);

--
-- Indices de la tabla `prestamos`
--
ALTER TABLE `prestamos`
  ADD PRIMARY KEY (`id`),
  ADD KEY `prestamos_id_usuario_foreign` (`id_usuario`),
  ADD KEY `prestamos_id_libro_foreign` (`id_libro`);

--
-- Indices de la tabla `repisas`
--
ALTER TABLE `repisas`
  ADD PRIMARY KEY (`id`);

--
-- Indices de la tabla `sessions`
--
ALTER TABLE `sessions`
  ADD PRIMARY KEY (`id`),
  ADD KEY `sessions_user_id_index` (`user_id`),
  ADD KEY `sessions_last_activity_index` (`last_activity`);

--
-- Indices de la tabla `usuarios`
--
ALTER TABLE `usuarios`
  ADD PRIMARY KEY (`id`);

--
-- AUTO_INCREMENT de las tablas volcadas
--

--
-- AUTO_INCREMENT de la tabla `admins`
--
ALTER TABLE `admins`
  MODIFY `id` bigint(20) UNSIGNED NOT NULL AUTO_INCREMENT, AUTO_INCREMENT=5;

--
-- AUTO_INCREMENT de la tabla `autores`
--
ALTER TABLE `autores`
  MODIFY `id` bigint(20) UNSIGNED NOT NULL AUTO_INCREMENT, AUTO_INCREMENT=472;

--
-- AUTO_INCREMENT de la tabla `categorias`
--
ALTER TABLE `categorias`
  MODIFY `id` bigint(20) UNSIGNED NOT NULL AUTO_INCREMENT, AUTO_INCREMENT=10;

--
-- AUTO_INCREMENT de la tabla `editoriales`
--
ALTER TABLE `editoriales`
  MODIFY `id` bigint(20) UNSIGNED NOT NULL AUTO_INCREMENT, AUTO_INCREMENT=189;

--
-- AUTO_INCREMENT de la tabla `generos`
--
ALTER TABLE `generos`
  MODIFY `id` bigint(20) UNSIGNED NOT NULL AUTO_INCREMENT, AUTO_INCREMENT=63;

--
-- AUTO_INCREMENT de la tabla `libros`
--
ALTER TABLE `libros`
  MODIFY `id` bigint(20) UNSIGNED NOT NULL AUTO_INCREMENT, AUTO_INCREMENT=805;

--
-- AUTO_INCREMENT de la tabla `migrations`
--
ALTER TABLE `migrations`
  MODIFY `id` int(10) UNSIGNED NOT NULL AUTO_INCREMENT, AUTO_INCREMENT=15;

--
-- AUTO_INCREMENT de la tabla `prestamos`
--
ALTER TABLE `prestamos`
  MODIFY `id` bigint(20) UNSIGNED NOT NULL AUTO_INCREMENT, AUTO_INCREMENT=336;

--
-- AUTO_INCREMENT de la tabla `repisas`
--
ALTER TABLE `repisas`
  MODIFY `id` bigint(20) UNSIGNED NOT NULL AUTO_INCREMENT, AUTO_INCREMENT=48;

--
-- AUTO_INCREMENT de la tabla `usuarios`
--
ALTER TABLE `usuarios`
  MODIFY `id` bigint(20) UNSIGNED NOT NULL AUTO_INCREMENT, AUTO_INCREMENT=59;

--
-- Restricciones para tablas volcadas
--

--
-- Filtros para la tabla `libros`
--
ALTER TABLE `libros`
  ADD CONSTRAINT `libros_id_autor_foreign` FOREIGN KEY (`id_autor`) REFERENCES `autores` (`id`),
  ADD CONSTRAINT `libros_id_categoria_foreign` FOREIGN KEY (`id_categoria`) REFERENCES `categorias` (`id`),
  ADD CONSTRAINT `libros_id_editorial_foreign` FOREIGN KEY (`id_editorial`) REFERENCES `editoriales` (`id`),
  ADD CONSTRAINT `libros_id_genero_foreign` FOREIGN KEY (`id_genero`) REFERENCES `generos` (`id`),
  ADD CONSTRAINT `libros_id_repisa_foreign` FOREIGN KEY (`id_repisa`) REFERENCES `repisas` (`id`);

--
-- Filtros para la tabla `prestamos`
--
ALTER TABLE `prestamos`
  ADD CONSTRAINT `prestamos_id_libro_foreign` FOREIGN KEY (`id_libro`) REFERENCES `libros` (`id`),
  ADD CONSTRAINT `prestamos_id_usuario_foreign` FOREIGN KEY (`id_usuario`) REFERENCES `usuarios` (`id`);
COMMIT;

/*!40101 SET CHARACTER_SET_CLIENT=@OLD_CHARACTER_SET_CLIENT */;
/*!40101 SET CHARACTER_SET_RESULTS=@OLD_CHARACTER_SET_RESULTS */;
/*!40101 SET COLLATION_CONNECTION=@OLD_COLLATION_CONNECTION */;
